index,operator
0,TRANSPOSE
1,PAD
2,CONV_2D
3,LOGISTIC
4,MUL
5,CONV_2D
6,LOGISTIC
7,MUL
8,DEPTHWISE_CONV_2D
9,LOGISTIC
10,MUL
11,CONV_2D
12,CONV_2D
13,LOGISTIC
14,MUL
15,DEPTHWISE_CONV_2D
16,LOGISTIC
17,MUL
18,CONV_2D
19,ADD
20,CONV_2D
21,LOGISTIC
22,MUL
23,DEPTHWISE_CONV_2D
24,LOGISTIC
25,MUL
26,CONV_2D
27,ADD
28,CONV_2D
29,LOGISTIC
30,MUL
31,DEPTHWISE_CONV_2D
32,LOGISTIC
33,MUL
34,CONV_2D
35,ADD
36,CONV_2D
37,LOGISTIC
38,MUL
39,DEPTHWISE_CONV_2D
40,LOGISTIC
41,MUL
42,CONV_2D
43,ADD
44,CONV_2D
45,LOGISTIC
46,MUL
47,DEPTHWISE_CONV_2D
48,LOGISTIC
49,MUL
50,CONV_2D
51,ADD
52,CONV_2D
53,LOGISTIC
54,MUL
55,DEPTHWISE_CONV_2D
56,LOGISTIC
57,MUL
58,CONV_2D
59,ADD
60,CONV_2D
61,LOGISTIC
62,MUL
63,DEPTHWISE_CONV_2D
64,LOGISTIC
65,MUL
66,CONV_2D
67,ADD
68,ADD
69,CONV_2D
70,LOGISTIC
71,MUL
72,PAD
73,DEPTHWISE_CONV_2D
74,LOGISTIC
75,MUL
76,CONV_2D
77,CONV_2D
78,LOGISTIC
79,MUL
80,PAD
81,DEPTHWISE_CONV_2D
82,LOGISTIC
83,MUL
84,CONV_2D
85,ADD
86,CONV_2D
87,LOGISTIC
88,MUL
89,PAD
90,DEPTHWISE_CONV_2D
91,LOGISTIC
92,MUL
93,CONV_2D
94,ADD
95,CONV_2D
96,LOGISTIC
97,MUL
98,PAD
99,DEPTHWISE_CONV_2D
100,LOGISTIC
101,MUL
102,CONV_2D
103,ADD
104,CONV_2D
105,LOGISTIC
106,MUL
107,DEPTHWISE_CONV_2D
108,LOGISTIC
109,MUL
110,CONV_2D
111,ADD
112,CONV_2D
113,LOGISTIC
114,MUL
115,DEPTHWISE_CONV_2D
116,LOGISTIC
117,MUL
118,CONV_2D
119,ADD
120,CONV_2D
121,LOGISTIC
122,MUL
123,PAD
124,DEPTHWISE_CONV_2D
125,LOGISTIC
126,MUL
127,CONV_2D
128,CONV_2D
129,LOGISTIC
130,MUL
131,PAD
132,DEPTHWISE_CONV_2D
133,LOGISTIC
134,MUL
135,CONV_2D
136,ADD
137,CONV_2D
138,LOGISTIC
139,MUL
140,PAD
141,DEPTHWISE_CONV_2D
142,LOGISTIC
143,MUL
144,CONV_2D
145,ADD
146,CONV_2D
147,LOGISTIC
148,MUL
149,PAD
150,DEPTHWISE_CONV_2D
151,LOGISTIC
152,MUL
153,CONV_2D
154,ADD
155,CONV_2D
156,LOGISTIC
157,MUL
158,CONV_2D
159,TRANSPOSE
160,RESHAPE
161,TRANSPOSE
162,RESHAPE
163,TRANSPOSE
164,RESHAPE
165,RESHAPE
166,MEAN
167,RESHAPE
168,SQUARED_DIFFERENCE
169,MEAN
170,ADD
171,RSQRT
172,MUL
173,SUB
174,RESHAPE
175,MUL
176,RESHAPE
177,ADD
178,FULLY_CONNECTED
179,RESHAPE
180,TRANSPOSE
181,FULLY_CONNECTED
182,RESHAPE
183,FULLY_CONNECTED
184,RESHAPE
185,TRANSPOSE
186,TRANSPOSE
187,RESHAPE
188,RESHAPE
189,BATCH_MATMUL
190,MUL
191,RESHAPE
192,SOFTMAX
193,RESHAPE
194,RESHAPE
195,BATCH_MATMUL
196,RESHAPE
197,TRANSPOSE
198,RESHAPE
199,FULLY_CONNECTED
200,ADD
201,RESHAPE
202,MEAN
203,RESHAPE
204,SQUARED_DIFFERENCE
205,MEAN
206,ADD
207,RSQRT
208,MUL
209,SUB
210,RESHAPE
211,MUL
212,RESHAPE
213,ADD
214,FULLY_CONNECTED
215,RESHAPE
216,LOGISTIC
217,MUL
218,FULLY_CONNECTED
219,ADD
220,RESHAPE
221,MEAN
222,RESHAPE
223,SQUARED_DIFFERENCE
224,MEAN
225,ADD
226,RSQRT
227,MUL
228,SUB
229,RESHAPE
230,MUL
231,RESHAPE
232,ADD
233,FULLY_CONNECTED
234,RESHAPE
235,TRANSPOSE
236,FULLY_CONNECTED
237,RESHAPE
238,FULLY_CONNECTED
239,RESHAPE
240,TRANSPOSE
241,TRANSPOSE
242,RESHAPE
243,RESHAPE
244,BATCH_MATMUL
245,MUL
246,RESHAPE
247,SOFTMAX
248,RESHAPE
249,RESHAPE
250,BATCH_MATMUL
251,RESHAPE
252,TRANSPOSE
253,RESHAPE
254,FULLY_CONNECTED
255,ADD
256,RESHAPE
257,MEAN
258,RESHAPE
259,SQUARED_DIFFERENCE
260,MEAN
261,ADD
262,RSQRT
263,MUL
264,SUB
265,RESHAPE
266,MUL
267,RESHAPE
268,ADD
269,FULLY_CONNECTED
270,RESHAPE
271,LOGISTIC
272,MUL
273,FULLY_CONNECTED
274,ADD
275,RESHAPE
276,MEAN
277,RESHAPE
278,SQUARED_DIFFERENCE
279,MEAN
280,ADD
281,RSQRT
282,MUL
283,SUB
284,RESHAPE
285,MUL
286,RESHAPE
287,ADD
288,MUL
289,ADD
290,RESHAPE
291,TRANSPOSE
292,RESHAPE
293,TRANSPOSE
294,RESHAPE
295,TRANSPOSE
296,CONV_2D
297,LOGISTIC
298,MUL
299,QUANTIZE
300,CONCATENATION
301,CONV_2D
302,LOGISTIC
303,MUL
304,CONV_2D
305,LOGISTIC
306,MUL
307,PAD
308,DEPTHWISE_CONV_2D
309,LOGISTIC
310,MUL
311,CONV_2D
312,CONV_2D
313,LOGISTIC
314,MUL
315,CONV_2D
316,TRANSPOSE
317,RESHAPE
318,TRANSPOSE
319,RESHAPE
320,TRANSPOSE
321,RESHAPE
322,RESHAPE
323,MEAN
324,RESHAPE
325,SQUARED_DIFFERENCE
326,MEAN
327,ADD
328,RSQRT
329,MUL
330,SUB
331,RESHAPE
332,MUL
333,RESHAPE
334,ADD
335,FULLY_CONNECTED
336,RESHAPE
337,TRANSPOSE
338,FULLY_CONNECTED
339,RESHAPE
340,FULLY_CONNECTED
341,RESHAPE
342,TRANSPOSE
343,TRANSPOSE
344,RESHAPE
345,RESHAPE
346,BATCH_MATMUL
347,MUL
348,RESHAPE
349,SOFTMAX
350,RESHAPE
351,RESHAPE
352,BATCH_MATMUL
353,RESHAPE
354,TRANSPOSE
355,RESHAPE
356,FULLY_CONNECTED
357,ADD
358,RESHAPE
359,MEAN
360,RESHAPE
361,SQUARED_DIFFERENCE
362,MEAN
363,ADD
364,RSQRT
365,MUL
366,SUB
367,RESHAPE
368,MUL
369,RESHAPE
370,ADD
371,FULLY_CONNECTED
372,RESHAPE
373,LOGISTIC
374,MUL
375,FULLY_CONNECTED
376,ADD
377,RESHAPE
378,MEAN
379,RESHAPE
380,SQUARED_DIFFERENCE
381,MEAN
382,ADD
383,RSQRT
384,MUL
385,SUB
386,RESHAPE
387,MUL
388,RESHAPE
389,ADD
390,FULLY_CONNECTED
391,RESHAPE
392,TRANSPOSE
393,FULLY_CONNECTED
394,RESHAPE
395,FULLY_CONNECTED
396,RESHAPE
397,TRANSPOSE
398,TRANSPOSE
399,RESHAPE
400,RESHAPE
401,BATCH_MATMUL
402,MUL
403,RESHAPE
404,SOFTMAX
405,RESHAPE
406,RESHAPE
407,BATCH_MATMUL
408,RESHAPE
409,TRANSPOSE
410,RESHAPE
411,FULLY_CONNECTED
412,ADD
413,RESHAPE
414,MEAN
415,RESHAPE
416,SQUARED_DIFFERENCE
417,MEAN
418,ADD
419,RSQRT
420,MUL
421,SUB
422,RESHAPE
423,MUL
424,RESHAPE
425,ADD
426,FULLY_CONNECTED
427,RESHAPE
428,LOGISTIC
429,MUL
430,FULLY_CONNECTED
431,ADD
432,RESHAPE
433,MEAN
434,RESHAPE
435,SQUARED_DIFFERENCE
436,MEAN
437,ADD
438,RSQRT
439,MUL
440,SUB
441,RESHAPE
442,MUL
443,RESHAPE
444,ADD
445,FULLY_CONNECTED
446,RESHAPE
447,TRANSPOSE
448,FULLY_CONNECTED
449,RESHAPE
450,FULLY_CONNECTED
451,RESHAPE
452,TRANSPOSE
453,TRANSPOSE
454,RESHAPE
455,RESHAPE
456,BATCH_MATMUL
457,MUL
458,RESHAPE
459,SOFTMAX
460,RESHAPE
461,RESHAPE
462,BATCH_MATMUL
463,RESHAPE
464,TRANSPOSE
465,RESHAPE
466,FULLY_CONNECTED
467,ADD
468,RESHAPE
469,MEAN
470,RESHAPE
471,SQUARED_DIFFERENCE
472,MEAN
473,ADD
474,RSQRT
475,MUL
476,SUB
477,RESHAPE
478,MUL
479,RESHAPE
480,ADD
481,FULLY_CONNECTED
482,RESHAPE
483,LOGISTIC
484,MUL
485,FULLY_CONNECTED
486,ADD
487,RESHAPE
488,MEAN
489,RESHAPE
490,SQUARED_DIFFERENCE
491,MEAN
492,ADD
493,RSQRT
494,MUL
495,SUB
496,RESHAPE
497,MUL
498,RESHAPE
499,ADD
500,FULLY_CONNECTED
501,RESHAPE
502,TRANSPOSE
503,FULLY_CONNECTED
504,RESHAPE
505,FULLY_CONNECTED
506,RESHAPE
507,TRANSPOSE
508,TRANSPOSE
509,RESHAPE
510,RESHAPE
511,BATCH_MATMUL
512,MUL
513,RESHAPE
514,SOFTMAX
515,RESHAPE
516,RESHAPE
517,BATCH_MATMUL
518,RESHAPE
519,TRANSPOSE
520,RESHAPE
521,FULLY_CONNECTED
522,ADD
523,RESHAPE
524,MEAN
525,RESHAPE
526,SQUARED_DIFFERENCE
527,MEAN
528,ADD
529,RSQRT
530,MUL
531,SUB
532,RESHAPE
533,MUL
534,RESHAPE
535,ADD
536,FULLY_CONNECTED
537,RESHAPE
538,LOGISTIC
539,MUL
540,FULLY_CONNECTED
541,ADD
542,RESHAPE
543,MEAN
544,RESHAPE
545,SQUARED_DIFFERENCE
546,MEAN
547,ADD
548,RSQRT
549,MUL
550,SUB
551,RESHAPE
552,MUL
553,RESHAPE
554,ADD
555,MUL
556,ADD
557,RESHAPE
558,TRANSPOSE
559,RESHAPE
560,TRANSPOSE
561,RESHAPE
562,TRANSPOSE
563,CONV_2D
564,LOGISTIC
565,MUL
566,QUANTIZE
567,CONCATENATION
568,CONV_2D
569,LOGISTIC
570,MUL
571,CONV_2D
572,LOGISTIC
573,MUL
574,PAD
575,DEPTHWISE_CONV_2D
576,LOGISTIC
577,MUL
578,CONV_2D
579,CONV_2D
580,LOGISTIC
581,MUL
582,PAD
583,DEPTHWISE_CONV_2D
584,LOGISTIC
585,MUL
586,CONV_2D
587,ADD
588,CONV_2D
589,LOGISTIC
590,MUL
591,PAD
592,DEPTHWISE_CONV_2D
593,LOGISTIC
594,MUL
595,CONV_2D
596,ADD
597,CONV_2D
598,LOGISTIC
599,MUL
600,PAD
601,DEPTHWISE_CONV_2D
602,LOGISTIC
603,MUL
604,CONV_2D
605,ADD
606,CONV_2D
607,LOGISTIC
608,MUL
609,PAD
610,DEPTHWISE_CONV_2D
611,LOGISTIC
612,MUL
613,CONV_2D
614,ADD
615,CONV_2D
616,LOGISTIC
617,MUL
618,PAD
619,DEPTHWISE_CONV_2D
620,LOGISTIC
621,MUL
622,CONV_2D
623,ADD
624,CONV_2D
625,LOGISTIC
626,MUL
627,PAD
628,DEPTHWISE_CONV_2D
629,LOGISTIC
630,MUL
631,CONV_2D
632,ADD
633,CONV_2D
634,LOGISTIC
635,MUL
636,PAD
637,DEPTHWISE_CONV_2D
638,LOGISTIC
639,MUL
640,CONV_2D
641,ADD
642,CONV_2D
643,LOGISTIC
644,MUL
645,CONV_2D
646,TRANSPOSE
647,RESHAPE
648,TRANSPOSE
649,RESHAPE
650,TRANSPOSE
651,RESHAPE
652,RESHAPE
653,MEAN
654,RESHAPE
655,SQUARED_DIFFERENCE
656,MEAN
657,ADD
658,RSQRT
659,MUL
660,SUB
661,RESHAPE
662,MUL
663,RESHAPE
664,ADD
665,FULLY_CONNECTED
666,RESHAPE
667,TRANSPOSE
668,FULLY_CONNECTED
669,RESHAPE
670,FULLY_CONNECTED
671,RESHAPE
672,TRANSPOSE
673,TRANSPOSE
674,RESHAPE
675,RESHAPE
676,BATCH_MATMUL
677,MUL
678,RESHAPE
679,SOFTMAX
680,RESHAPE
681,RESHAPE
682,BATCH_MATMUL
683,RESHAPE
684,TRANSPOSE
685,RESHAPE
686,FULLY_CONNECTED
687,ADD
688,RESHAPE
689,MEAN
690,RESHAPE
691,SQUARED_DIFFERENCE
692,MEAN
693,ADD
694,RSQRT
695,MUL
696,SUB
697,RESHAPE
698,MUL
699,RESHAPE
700,ADD
701,FULLY_CONNECTED
702,RESHAPE
703,LOGISTIC
704,MUL
705,FULLY_CONNECTED
706,ADD
707,RESHAPE
708,MEAN
709,RESHAPE
710,SQUARED_DIFFERENCE
711,MEAN
712,ADD
713,RSQRT
714,MUL
715,SUB
716,RESHAPE
717,MUL
718,RESHAPE
719,ADD
720,FULLY_CONNECTED
721,RESHAPE
722,TRANSPOSE
723,FULLY_CONNECTED
724,RESHAPE
725,FULLY_CONNECTED
726,RESHAPE
727,TRANSPOSE
728,TRANSPOSE
729,RESHAPE
730,RESHAPE
731,BATCH_MATMUL
732,MUL
733,RESHAPE
734,SOFTMAX
735,RESHAPE
736,RESHAPE
737,BATCH_MATMUL
738,RESHAPE
739,TRANSPOSE
740,RESHAPE
741,FULLY_CONNECTED
742,ADD
743,RESHAPE
744,MEAN
745,RESHAPE
746,SQUARED_DIFFERENCE
747,MEAN
748,ADD
749,RSQRT
750,MUL
751,SUB
752,RESHAPE
753,MUL
754,RESHAPE
755,ADD
756,FULLY_CONNECTED
757,RESHAPE
758,LOGISTIC
759,MUL
760,FULLY_CONNECTED
761,ADD
762,RESHAPE
763,MEAN
764,RESHAPE
765,SQUARED_DIFFERENCE
766,MEAN
767,ADD
768,RSQRT
769,MUL
770,SUB
771,RESHAPE
772,MUL
773,RESHAPE
774,ADD
775,FULLY_CONNECTED
776,RESHAPE
777,TRANSPOSE
778,FULLY_CONNECTED
779,RESHAPE
780,FULLY_CONNECTED
781,RESHAPE
782,TRANSPOSE
783,TRANSPOSE
784,RESHAPE
785,RESHAPE
786,BATCH_MATMUL
787,MUL
788,RESHAPE
789,SOFTMAX
790,RESHAPE
791,RESHAPE
792,BATCH_MATMUL
793,RESHAPE
794,TRANSPOSE
795,RESHAPE
796,FULLY_CONNECTED
797,ADD
798,RESHAPE
799,MEAN
800,RESHAPE
801,SQUARED_DIFFERENCE
802,MEAN
803,ADD
804,RSQRT
805,MUL
806,SUB
807,RESHAPE
808,MUL
809,RESHAPE
810,ADD
811,FULLY_CONNECTED
812,RESHAPE
813,LOGISTIC
814,MUL
815,FULLY_CONNECTED
816,ADD
817,RESHAPE
818,MEAN
819,RESHAPE
820,SQUARED_DIFFERENCE
821,MEAN
822,ADD
823,RSQRT
824,MUL
825,SUB
826,RESHAPE
827,MUL
828,RESHAPE
829,ADD
830,MUL
831,ADD
832,RESHAPE
833,TRANSPOSE
834,RESHAPE
835,TRANSPOSE
836,RESHAPE
837,TRANSPOSE
838,CONV_2D
839,LOGISTIC
840,MUL
841,QUANTIZE
842,CONCATENATION
843,CONV_2D
844,LOGISTIC
845,MUL
846,CONV_2D
847,LOGISTIC
848,MUL
849,AVERAGE_POOL_2D
850,FULLY_CONNECTED
