block,channel,weight_abs_max,weight_mean_abs,weight_std,activation_scale
1,0,1.3712702989578247,0.18144944310188293,0.3418421447277069,0.0375023111701011
1,1,0.7947461605072021,0.14833642542362213,0.23672999441623688,0.0019257558742538
1,2,1.0021363496780396,0.17165541648864746,0.28052812814712524,0.0252467859536409
1,3,0.8304283022880554,0.13018277287483215,0.25285807251930237,0.0046143308281898
1,4,0.6732743978500366,0.14632216095924377,0.23317907750606537,0.0040472601540386
1,5,0.6872347593307495,0.17290842533111572,0.26585936546325684,0.0031887213699519
1,6,2.1120169162750244,0.23062263429164886,0.5270792245864868,0.0049803266301751
1,7,0.785666823387146,0.14879342913627625,0.2505022883415222,0.0008634541300125
1,8,0.6681731343269348,0.16564121842384338,0.22965814173221588,0.0063217938877642
1,9,0.6860742568969727,0.17570523917675018,0.26994261145591736,0.0034288321621716
1,10,0.5116466283798218,0.1695462167263031,0.2305191606283188,0.0827259942889213
1,11,1.3307812213897705,0.1418037861585617,0.3379899561405182,0.0046932874247431
1,12,0.4683803915977478,0.15962612628936768,0.20221735537052155,0.2167669087648391
1,13,0.6917314529418945,0.14909231662750244,0.23012611269950867,0.005538614001125
1,14,0.4615432322025299,0.13886812329292297,0.19303147494792938,0.0526243187487125
1,15,1.2609225511550903,0.16323409974575043,0.34359148144721985,0.0742029994726181
1,16,0.45293372869491577,0.15943917632102966,0.20506487786769867,0.010353434830904
1,17,0.8646354675292969,0.1450035125017166,0.2558146119117737,0.0012605842202901
1,18,0.45727917551994324,0.17231042683124542,0.21718083322048187,0.0094248028472065
1,19,0.6527789235115051,0.18058884143829346,0.259640634059906,0.0140969231724739
1,20,0.531322717666626,0.1832549124956131,0.2536480724811554,0.0332847759127616
1,21,1.7880120277404785,0.2875162661075592,0.5330904126167297,0.0031294899526983
1,22,0.8825346231460571,0.13039779663085938,0.2686651945114136,0.0411828011274337
1,23,0.6166794896125793,0.16248077154159546,0.23290444910526276,0.0602562353014946
1,24,1.100957989692688,0.19693243503570557,0.3828059732913971,0.0015172100393101
1,25,0.3580763339996338,0.17013297975063324,0.1793932020664215,0.0065860040485858
1,26,0.6379937529563904,0.14739678800106049,0.230661541223526,0.0229879226535558
1,27,0.8264976143836975,0.12888196110725403,0.2293376475572586,0.0555676557123661
1,28,1.1131480932235718,0.2424594908952713,0.3992142975330353,0.0015540265012532
1,29,1.1628060340881348,0.16274483501911163,0.315743625164032,0.1047704815864563
1,30,0.7905358672142029,0.20639821887016296,0.29034605622291565,0.0018043493619188
1,31,1.365908145904541,0.18889102339744568,0.3620494306087494,0.0006616652244701
2,0,0.4740828275680542,0.1519445925951004,0.1960422694683075,0.0040890648961067
2,1,0.5198631286621094,0.15886148810386658,0.2124062180519104,0.061794813722372
2,2,0.5092247724533081,0.1886267364025116,0.21077612042427063,0.0056875301524996
2,3,0.6309458613395691,0.17574001848697662,0.21882471442222595,0.0154515085741877
2,4,0.3729075491428375,0.17315536737442017,0.19795027375221252,0.5132473707199097
2,5,0.5022156238555908,0.14899052679538727,0.19458185136318207,0.0058051133528351
2,6,0.4848446547985077,0.1486889123916626,0.1944911628961563,0.3002195060253143
2,7,0.5950231552124023,0.14602595567703247,0.21544577181339264,0.0222109779715538
2,8,0.5092601776123047,0.14491307735443115,0.18895886838436127,0.3949252367019653
2,9,0.4484180510044098,0.16031891107559204,0.19022275507450104,0.0011618011631071
2,10,0.467582106590271,0.15461520850658417,0.18882665038108826,0.0056053316220641
2,11,0.5423092842102051,0.15842649340629578,0.2128784954547882,0.0019644491840153
2,12,0.449442058801651,0.1686968207359314,0.18820515275001526,0.0517265610396862
2,13,0.5512987971305847,0.14735236763954163,0.2126006782054901,0.0052587958052754
2,14,0.7810944318771362,0.13183186948299408,0.23436416685581207,0.0025490073021501
2,15,0.7674140930175781,0.1377345621585846,0.23934441804885864,0.0326637290418148
2,16,0.5993720293045044,0.18008768558502197,0.22333821654319763,0.0257993731647729
2,17,0.4583861231803894,0.1546328216791153,0.17595554888248444,0.006747078616172
2,18,0.3995760977268219,0.17277640104293823,0.20596091449260712,0.1713793724775314
2,19,0.43652573227882385,0.1493636667728424,0.18599767982959747,0.4218491315841675
2,20,0.3840310275554657,0.15851780772209167,0.20301546156406403,0.2817481458187103
2,21,0.4924984276294708,0.15857739746570587,0.20215491950511932,0.3711280226707458
2,22,0.6691642999649048,0.1651180386543274,0.2228538990020752,0.1446870863437652
2,23,0.3889966309070587,0.14511221647262573,0.1526491940021515,0.0995187610387802
2,24,0.667488157749176,0.14982494711875916,0.21996019780635834,0.002301468513906
2,25,0.4957885444164276,0.15268918871879578,0.1902797520160675,0.0031541306525468
2,26,0.44894465804100037,0.14100539684295654,0.13648557662963867,0.0601917058229446
2,27,0.5086058974266052,0.1510728895664215,0.19669558107852936,0.0066464361734688
2,28,0.3499370813369751,0.1628618836402893,0.18558567762374878,0.0005869970773346
2,29,0.5882207751274109,0.1445206105709076,0.20704993605613708,0.001249041990377
2,30,0.4072432518005371,0.1508665680885315,0.20628678798675537,0.4209451377391815
2,31,0.5238589644432068,0.1296924650669098,0.17667914927005768,0.0053848656825721
3,0,1.2213857173919678,0.126932755112648,0.28250476717948914,0.0011346174869686
3,1,0.5272014737129211,0.16615517437458038,0.21367044746875763,0.0694310516119003
3,2,1.0719873905181885,0.14196524024009705,0.26524338126182556,0.0019220832036808
3,3,0.4511461853981018,0.1699654459953308,0.2007693648338318,0.0842010080814361
3,4,0.5799775719642639,0.1290922313928604,0.17722532153129578,0.005408689379692
3,5,0.5259293913841248,0.194814071059227,0.2513570189476013,0.0028669273015111
3,6,0.4241090416908264,0.1572876125574112,0.19245615601539612,0.0037767654284834
3,7,0.5424748659133911,0.17789964377880096,0.2173876017332077,0.0038864747621119
3,8,0.7633827924728394,0.19235366582870483,0.25440120697021484,0.0019783517345786
3,9,0.5430284738540649,0.16288995742797852,0.19508492946624756,0.0011199883883818
3,10,0.5819190144538879,0.14995034039020538,0.22303244471549988,0.0035088988952338
3,11,0.510056734085083,0.1603267341852188,0.19253315031528473,0.0312716588377952
3,12,0.7795009016990662,0.16202674806118011,0.21910496056079865,0.0060309474356472
3,13,0.45331278443336487,0.17787706851959229,0.21860076487064362,0.0053090066649019
3,14,0.9294224381446838,0.15528887510299683,0.2439366579055786,0.0025401127059012
3,15,1.1774605512619019,0.13400571048259735,0.2659279406070709,0.0008430033340118
3,16,1.5716743469238281,0.12576976418495178,0.32344457507133484,0.0011709075188264
3,17,0.3956174850463867,0.16412611305713654,0.2006675899028778,0.0016750206705182
3,18,1.0341455936431885,0.12851418554782867,0.23900087177753448,0.0159213077276945
3,19,0.49225687980651855,0.16364003717899323,0.20507967472076416,0.0013945179525762
3,20,0.7460258603096008,0.17682962119579315,0.25750190019607544,0.0040269466117024
3,21,0.524544894695282,0.1525483876466751,0.21541865170001984,0.121547095477581
3,22,0.4055493175983429,0.163909450173378,0.19529420137405396,0.0040849423967301
3,23,1.5242916345596313,0.15097574889659882,0.3241288959980011,0.0011884500272572
3,24,1.2748405933380127,0.13233904540538788,0.2739367187023163,0.0017788121476769
3,25,0.3929438292980194,0.17226193845272064,0.21248604357242584,0.0009255550685338
3,26,0.5385563373565674,0.15958110988140106,0.18245543539524078,0.002289525931701
3,27,0.5215540528297424,0.1916368454694748,0.24499322474002838,0.0024440344423055
3,28,0.6259191632270813,0.16392110288143158,0.22067810595035553,0.021628875285387
3,29,0.7616250514984131,0.13781769573688507,0.20708094537258148,0.0031387531198561
3,30,0.5078858137130737,0.1631530523300171,0.20509831607341766,0.0037029702216386
3,31,0.4708584249019623,0.14536912739276886,0.1895132213830948,0.003392968326807
3,32,0.4998536705970764,0.1558348536491394,0.19314256310462952,0.0015389140462502
3,33,0.4395495653152466,0.15782780945301056,0.18655526638031006,0.0007777655846439
3,34,0.8980876207351685,0.16345196962356567,0.2283637374639511,0.0018893118249252
3,35,1.234072208404541,0.1439109444618225,0.27809008955955505,0.0008724031504243
3,36,0.5013526678085327,0.15985658764839172,0.20555803179740906,0.0106404237449169
3,37,0.5350478291511536,0.1702548861503601,0.22239011526107788,0.0013304963940754
3,38,0.47083669900894165,0.1596122533082962,0.191242977976799,0.0009479091968387
3,39,0.3723081350326538,0.18179702758789062,0.19759534299373627,0.0010957599151879
3,40,0.4468037486076355,0.16469846665859222,0.20385606586933136,0.0018422877183184
3,41,0.5363106727600098,0.15182694792747498,0.1966782808303833,0.0027195876464247
3,42,0.6280835270881653,0.15764109790325165,0.20789213478565216,0.0013564799446612
3,43,0.618916392326355,0.15989646315574646,0.20769979059696198,0.0032577095553278
3,44,1.2373478412628174,0.1751033514738083,0.2930441200733185,0.0010520548094063
3,45,0.36822229623794556,0.17150767147541046,0.19560182094573975,0.0043668905273079
3,46,0.48594599962234497,0.1464996337890625,0.19774359464645386,0.0019636442884802
3,47,0.6045306324958801,0.16173282265663147,0.18655773997306824,0.0023995139636099
4,0,0.49216464161872864,0.1623915582895279,0.20649120211601257,0.0160036981105804
4,1,0.43049097061157227,0.1780668944120407,0.17696499824523926,0.0008233199478127
4,2,0.4426264762878418,0.16043798625469208,0.1896655112504959,0.0423523411154747
4,3,0.8477042317390442,0.1461825668811798,0.22150538861751556,0.0049351477064192
4,4,0.5073404908180237,0.16444028913974762,0.20289815962314606,0.0248900055885314
4,5,0.4393068552017212,0.14373086392879486,0.1850404590368271,0.0162258818745613
4,6,0.5039700865745544,0.1406438797712326,0.19176721572875977,0.0026728853117674
4,7,0.33738821744918823,0.1600605696439743,0.17482306063175201,0.0073817051015794
4,8,0.639125406742096,0.14676891267299652,0.205442875623703,0.0050922543741762
4,9,0.44967320561408997,0.16573069989681244,0.1990705132484436,0.009024609811604
4,10,0.6610732674598694,0.14418458938598633,0.20551079511642456,0.0088235083967447
4,11,0.43748739361763,0.16372376680374146,0.20115339756011963,0.0161006022244691
4,12,0.9056322574615479,0.15092219412326813,0.23052406311035156,0.0019065141677856
4,13,0.4772825241088867,0.15338973701000214,0.1928177773952484,0.0007166287396103
4,14,0.3609462380409241,0.15438474714756012,0.19555920362472534,0.0112727843225002
4,15,0.4591526687145233,0.16116821765899658,0.20108118653297424,0.0047750547528266
4,16,0.5286687016487122,0.15721209347248077,0.21121804416179657,0.0043811383657157
4,17,0.4704631567001343,0.15394632518291473,0.18569569289684296,0.0209551900625228
4,18,0.4297228753566742,0.16967062652111053,0.19983746111392975,0.0431360825896263
4,19,0.38306018710136414,0.15695370733737946,0.18886929750442505,0.0280626080930233
4,20,0.39103832840919495,0.17339754104614258,0.2007930874824524,0.0676173120737075
4,21,0.5601734519004822,0.16332495212554932,0.2025400847196579,0.0027948396746069
4,22,0.5020444393157959,0.15949106216430664,0.19623522460460663,0.0021201747003942
4,23,0.5264557600021362,0.13723155856132507,0.19535040855407715,0.0073952632956206
4,24,0.5512650609016418,0.15586097538471222,0.1956525444984436,0.0008738448377698
4,25,0.8154264688491821,0.14353929460048676,0.21734002232551575,0.0108637493103742
4,26,0.427768737077713,0.15744565427303314,0.1854919195175171,0.0114365899935364
4,27,0.3636542856693268,0.16320906579494476,0.18763120472431183,0.0022075541783124
4,28,0.4605671763420105,0.15409302711486816,0.1925220787525177,0.0033452650532126
4,29,0.4400189220905304,0.15131418406963348,0.19851623475551605,0.0046800305135548
4,30,0.3712787330150604,0.16903911530971527,0.192647784948349,0.0238548573106527
4,31,0.48230573534965515,0.1462981253862381,0.1732221394777298,0.0317260287702083
4,32,0.43958649039268494,0.1522277146577835,0.1956169456243515,0.0040250648744404
4,33,0.47710832953453064,0.15735895931720734,0.15490391850471497,0.0396767258644104
4,34,0.45682406425476074,0.15821655094623566,0.19797638058662415,0.0428134724497795
4,35,0.4712003469467163,0.16279591619968414,0.19772958755493164,0.0077204150147736
4,36,0.5340461730957031,0.153534933924675,0.201808363199234,0.0125733306631445
4,37,0.43941524624824524,0.1512252539396286,0.19319409132003784,0.020960621535778
4,38,0.4414658844470978,0.17185068130493164,0.2003614455461502,0.0027606980875134
4,39,0.482017457485199,0.1555681973695755,0.19969385862350464,0.0125249074772
4,40,0.4372597932815552,0.16619710624217987,0.19554109871387482,0.0037964871153235
4,41,0.4462476670742035,0.14460447430610657,0.1923583596944809,0.0113694807514548
4,42,0.4266512989997864,0.163437157869339,0.19534897804260254,0.0137929990887641
4,43,0.5555662512779236,0.15759192407131195,0.20843571424484253,0.010453363880515
4,44,0.46109411120414734,0.1505804806947708,0.18318352103233337,0.0131363794207572
4,45,0.3796648383140564,0.15936635434627533,0.19529452919960022,0.0169016402214765
4,46,0.4982380270957947,0.15594901144504547,0.20398683845996857,0.0062697827816009
4,47,0.4699972867965698,0.15202529728412628,0.19903255999088287,0.003038841066882
5,0,0.493143767118454,0.15589940547943115,0.18641482293605804,0.0007840595790185
5,1,0.4382498264312744,0.1542481631040573,0.18560312688350677,0.0349471233785152
5,2,0.7179858088493347,0.14087456464767456,0.20116671919822693,0.0040214792825281
5,3,0.635767936706543,0.1495722234249115,0.20698268711566925,0.0010132836177945
5,4,0.4186583161354065,0.14472931623458862,0.19091041386127472,0.0011123843723908
5,5,0.8075735569000244,0.14117343723773956,0.21346688270568848,0.0015166993252933
5,6,0.40023910999298096,0.1562933623790741,0.1928601861000061,0.0230128914117813
5,7,0.5418754816055298,0.1613483726978302,0.2031356692314148,0.0019228159217163
5,8,0.3796226978302002,0.16115029156208038,0.20275212824344635,0.0081389602273702
5,9,1.5234575271606445,0.11763057857751846,0.31325021386146545,0.0012477147392928
5,10,0.43687331676483154,0.15047131478786469,0.1772971749305725,0.0238580871373415
5,11,0.8248489499092102,0.15366505086421967,0.2087053656578064,0.0006726174033246
5,12,0.42507877945899963,0.16777968406677246,0.19352824985980988,0.0024555462878197
5,13,0.53709876537323,0.14716996252536774,0.19256240129470825,0.000613390118815
5,14,0.7843023538589478,0.14802779257297516,0.2114000767469406,0.0006663572276011
5,15,0.5591410398483276,0.1511220484972,0.21811603009700775,0.0064852861687541
5,16,0.5560298562049866,0.15329448878765106,0.20216646790504456,0.0056949607096612
5,17,0.7344828248023987,0.12186672538518906,0.19907130300998688,0.0023646384943276
5,18,0.6126483082771301,0.13335436582565308,0.18641328811645508,0.0075529529713094
5,19,0.4282885491847992,0.16913622617721558,0.2020847648382187,0.0336622856557369
5,20,0.6652817726135254,0.12871642410755157,0.19743387401103973,0.0308366399258375
5,21,0.38495728373527527,0.14778397977352142,0.18062765896320343,0.0030867375899106
5,22,0.47822266817092896,0.1754612773656845,0.20636548101902008,0.0033658978063613
5,23,0.513211190700531,0.14400874078273773,0.1970561146736145,0.0297452025115489
5,24,0.49737784266471863,0.15268012881278992,0.18488794565200806,0.0092111183330416
5,25,0.664772093296051,0.16210508346557617,0.1866128146648407,0.000929367437493
5,26,0.4050981104373932,0.15159350633621216,0.1934395432472229,0.0131087433546781
5,27,0.3841779828071594,0.15756992995738983,0.18399818241596222,0.0144601240754127
5,28,1.2317183017730713,0.13214907050132751,0.2736082673072815,0.0020359004847705
5,29,0.47585728764533997,0.1529628187417984,0.19536446034908295,0.0312094446271657
5,30,0.567423939704895,0.14883682131767273,0.1932598501443863,0.0042680329643189
5,31,0.4052444398403168,0.15512554347515106,0.18470610678195953,0.0123283891007304
5,32,0.4454430937767029,0.1501968801021576,0.1963665783405304,0.0053620571270585
5,33,0.421359121799469,0.15888987481594086,0.18772520124912262,0.0079674525186419
5,34,0.4324820339679718,0.152654767036438,0.1928897649049759,0.1950584203004837
5,35,0.4913176894187927,0.15606437623500824,0.1986435204744339,0.000645923486445
5,36,0.5478617548942566,0.15276221930980682,0.19867856800556183,0.0043701706454157
5,37,0.5126423239707947,0.1701507568359375,0.20410338044166565,0.0194304306060075
5,38,0.46981310844421387,0.13497291505336761,0.17345952987670898,0.0136831067502498
5,39,0.5002120733261108,0.17187047004699707,0.20925301313400269,0.0300011169165372
5,40,0.48330479860305786,0.15762895345687866,0.2025679647922516,0.0114552052691578
5,41,0.5339441895484924,0.1560429483652115,0.1833413988351822,0.0010172958718612
5,42,0.9497253894805908,0.12315955013036728,0.23633022606372833,0.0083477236330509
5,43,0.4837709367275238,0.1627051681280136,0.19645123183727264,0.0370319113135337
5,44,0.5150362253189087,0.14645244181156158,0.16484543681144714,0.0041472939774394
5,45,0.4033474028110504,0.15631656348705292,0.19070075452327728,0.0189280975610017
5,46,0.6611472368240356,0.12996894121170044,0.19212861359119415,0.0115320133045315
5,47,0.6917804479598999,0.15465153753757477,0.20542486011981964,0.0034773629158735
6,0,0.5055031180381775,0.13938356935977936,0.19702157378196716,0.0009416222455911
6,1,0.6810673475265503,0.153438538312912,0.20588326454162598,0.0016027078963816
6,2,0.6192126870155334,0.15481582283973694,0.19216108322143555,0.0007453935686498
6,3,1.0445806980133057,0.132840096950531,0.2163422703742981,0.0051482459530234
6,4,0.4985755681991577,0.15166115760803223,0.19709168374538422,0.0052662449888885
6,5,0.5494481921195984,0.1562180370092392,0.19459693133831024,0.0051191234961152
6,6,0.4212700426578522,0.1550128310918808,0.19011089205741882,0.0119590610265731
6,7,0.5680723190307617,0.1330678015947342,0.18339762091636658,0.0222927499562501
6,8,0.5784304738044739,0.13784068822860718,0.17908334732055664,0.0082938112318515
6,9,0.590502142906189,0.14874468743801117,0.19944952428340912,0.010120864957571
6,10,0.4942377507686615,0.16020357608795166,0.20111018419265747,0.0093021523207426
6,11,0.65628981590271,0.13391707837581635,0.18144522607326508,0.0106734922155737
6,12,1.0341864824295044,0.11322999000549316,0.19841541349887848,0.0122977569699287
6,13,0.5988389253616333,0.12684045732021332,0.183358296751976,0.0147407129406929
6,14,0.8840360045433044,0.1329634040594101,0.20158332586288452,0.0091768940910696
6,15,1.1189079284667969,0.13481731712818146,0.2181471437215805,0.0022339660208672
6,16,0.4741588830947876,0.15667906403541565,0.19227643311023712,0.0063474061898887
6,17,1.0306578874588013,0.14687319099903107,0.2202404886484146,0.0008862075046636
6,18,1.0049668550491333,0.1353078931570053,0.22259530425071716,0.0202866364270448
6,19,0.8726370334625244,0.14359940588474274,0.2079716920852661,0.0005093969521112
6,20,0.48144295811653137,0.15315194427967072,0.18864405155181885,0.0122565142810344
6,21,1.0056275129318237,0.12815284729003906,0.20237897336483002,0.0059048207476735
6,22,0.5368232131004333,0.15692660212516785,0.1990724354982376,0.014177550561726
6,23,0.5412043333053589,0.15349045395851135,0.20269906520843506,0.0023310696706175
6,24,0.6101358532905579,0.14948920905590057,0.2015123814344406,0.0547528713941574
6,25,0.6631826758384705,0.15072937309741974,0.19727489352226257,0.0287481565028429
6,26,0.5969655513763428,0.1579543799161911,0.19786004722118378,0.0133237857371568
6,27,0.6218438744544983,0.16724197566509247,0.20673254132270813,0.0118151661008596
6,28,0.6174365282058716,0.14833146333694458,0.19763870537281036,0.0037236944772303
6,29,0.9282108545303345,0.13659365475177765,0.20447036623954773,0.012748098000884
6,30,1.0668684244155884,0.14270465075969696,0.22293296456336975,0.0090377843007445
6,31,0.6720594167709351,0.1578240990638733,0.19972272217273712,0.0071374308317899
6,32,0.6219486594200134,0.14259105920791626,0.19879686832427979,0.0219265706837177
6,33,0.6082920432090759,0.138860285282135,0.18656539916992188,0.0237874500453472
6,34,0.5411383509635925,0.1219513788819313,0.17803198099136353,0.0021315403282642
6,35,0.6848409175872803,0.1601458042860031,0.20602744817733765,0.0053974743932485
6,36,0.5063252449035645,0.13954581320285797,0.18727698922157288,0.0107254162430763
6,37,0.6789491176605225,0.1460886001586914,0.2104215770959854,0.0010248969774693
6,38,0.5070773363113403,0.15901628136634827,0.19550146162509918,0.0124565288424491
6,39,0.5543330311775208,0.14338980615139008,0.18953214585781097,0.0122031206265091
6,40,0.5582596063613892,0.11451319605112076,0.1641881763935089,0.0175306983292102
6,41,0.9003188014030457,0.14004166424274445,0.21572968363761902,0.0092861205339431
6,42,1.0520943403244019,0.14060945808887482,0.20661762356758118,0.0080036371946334
6,43,0.5297924280166626,0.14869095385074615,0.18939916789531708,0.0046117706224322
6,44,0.5138947367668152,0.15181109309196472,0.1895919144153595,0.0026380924973636
6,45,0.4248112738132477,0.1551346778869629,0.19426150619983673,0.0146566703915596
6,46,0.6205139756202698,0.1277984380722046,0.18544434010982513,0.010553210042417
6,47,0.6808129549026489,0.15461713075637817,0.20889562368392944,0.0136006325483322
6,48,0.47433656454086304,0.15760774910449982,0.19224028289318085,0.0008739404729567
6,49,0.5129716992378235,0.15739670395851135,0.2053328901529312,0.0020184938330203
6,50,0.85580974817276,0.14062301814556122,0.20425109565258026,0.0140018975362181
6,51,0.8022269010543823,0.14364807307720184,0.21315406262874603,0.0201769527047872
6,52,0.622946560382843,0.15678635239601135,0.2045033574104309,0.0085317324846982
6,53,0.4378969669342041,0.15695330500602722,0.19444501399993896,0.0106142219156026
6,54,0.8345178365707397,0.11885520070791245,0.20382097363471985,0.0523854047060012
6,55,0.5268303155899048,0.15455052256584167,0.1917852759361267,0.0018635628512129
6,56,0.5638664960861206,0.13619780540466309,0.18528977036476135,0.0184747725725173
6,57,0.9643098711967468,0.12387022376060486,0.19353045523166656,0.0078107980079948
6,58,0.7148122787475586,0.15573431551456451,0.2075996994972229,0.001774190692231
6,59,0.571656346321106,0.13217373192310333,0.18969152867794037,0.0117294108495116
6,60,0.6474694609642029,0.15135695040225983,0.1903163641691208,0.0129188671708107
6,61,1.0233436822891235,0.13448487222194672,0.2177322506904602,0.0022194613702595
6,62,0.4279029071331024,0.15413916110992432,0.18949545919895172,0.0069177760742604
6,63,0.5278690457344055,0.15649749338626862,0.1952996402978897,0.031180927529931
6,64,0.387043833732605,0.1545642614364624,0.18203938007354736,0.0121350437402725
6,65,0.7199717164039612,0.1309812217950821,0.17232675850391388,0.0161717478185892
6,66,0.7129514217376709,0.1594201922416687,0.2093965858221054,0.0046423962339758
6,67,0.5445753335952759,0.1440812349319458,0.18573834002017975,0.0097645753994584
6,68,0.4873460829257965,0.14910882711410522,0.18530845642089844,0.0144123472273349
6,69,0.5618111491203308,0.15163902938365936,0.20258745551109314,0.0130195282399654
6,70,0.5073733925819397,0.14812429249286652,0.18843337893486023,0.0162904970347881
6,71,0.5712677836418152,0.15192370116710663,0.19001996517181396,0.0177931059151887
6,72,0.4723762571811676,0.15965431928634644,0.18777133524417877,0.0103988200426101
6,73,0.5988189578056335,0.16240383684635162,0.20569664239883423,0.0092540113255381
6,74,1.0755163431167603,0.12993279099464417,0.21035441756248474,0.0076135951094329
6,75,0.43019869923591614,0.16441480815410614,0.19204242527484894,0.0131520126014947
6,76,0.5895050764083862,0.15874356031417847,0.21194368600845337,0.0175257362425327
6,77,0.3800242245197296,0.15949514508247375,0.1812085211277008,0.0043307328596711
6,78,0.47009336948394775,0.15540127456188202,0.19312356412410736,0.0137362238019704
6,79,0.48545923829078674,0.15810932219028473,0.20077861845493317,0.0084095876663923
6,80,0.42511215806007385,0.16089749336242676,0.19425265491008759,0.0194658730179071
6,81,0.833847165107727,0.15765558183193207,0.2154625803232193,0.0119497859850525
6,82,0.5955564975738525,0.15300136804580688,0.1916828453540802,0.0010616035433486
6,83,0.6930174231529236,0.1355535238981247,0.18775628507137299,0.0260576102882623
6,84,0.45094504952430725,0.14919154345989227,0.18508639931678772,0.0147573733702301
6,85,0.4974540174007416,0.14813023805618286,0.18571797013282776,0.0018534702248871
6,86,0.6802902221679688,0.13785487413406372,0.18982920050621033,0.0074005872011184
6,87,0.6265810132026672,0.15117663145065308,0.19544175267219543,0.0184223316609859
6,88,0.5921468734741211,0.1497264951467514,0.18803104758262634,0.0145899727940559
6,89,0.472766250371933,0.1410210281610489,0.17100761830806732,0.0131056336686015
6,90,0.5908000469207764,0.14992409944534302,0.2006639838218689,0.0021839870605617
6,91,0.9622006416320801,0.12873905897140503,0.20604242384433746,0.0012986854417249
6,92,0.5472733974456787,0.15267543494701385,0.19903312623500824,0.0159527603536844
6,93,0.5886114239692688,0.12605498731136322,0.1822976917028427,0.015090481378138
6,94,0.5985315442085266,0.1393863558769226,0.18442073464393616,0.0076340632513165
6,95,0.4244838058948517,0.1482420712709427,0.18143321573734283,0.0086307991296052
7,0,0.43783628940582275,0.1706485003232956,0.20346327126026154,0.0054215472191572
7,1,1.0302175283432007,0.15337108075618744,0.21230772137641907,0.0167905315756797
7,2,0.42141270637512207,0.16165494918823242,0.19562366604804993,0.0149865616112947
7,3,0.5301799178123474,0.15769146382808685,0.1920386552810669,0.0154630811884999
7,4,0.43947669863700867,0.15852594375610352,0.19641661643981934,0.0010960614308714
7,5,0.39850178360939026,0.16390882432460785,0.19418396055698395,0.015753511339426
7,6,0.7388929128646851,0.14557616412639618,0.19216680526733398,0.0140279047191143
7,7,0.5171834826469421,0.16273975372314453,0.1955241560935974,0.0195081550627946
7,8,0.6281968355178833,0.1625138372182846,0.20473067462444305,0.0088024251163005
7,9,0.5513728857040405,0.14738941192626953,0.193532332777977,0.0005092832725495
7,10,0.47547510266304016,0.16226640343666077,0.19424183666706085,0.0124986805021762
7,11,0.6594507098197937,0.14556023478507996,0.19421079754829407,0.0602364689111709
7,12,0.5755437612533569,0.15263095498085022,0.1974370926618576,0.0030642210040241
7,13,0.47460389137268066,0.1502300202846527,0.1918630748987198,0.0080859055742621
7,14,0.5147138237953186,0.16141267120838165,0.19735786318778992,0.0110937282443046
7,15,0.49862417578697205,0.16272439062595367,0.19903253018856049,0.0111034959554672
7,16,0.9558354616165161,0.13783103227615356,0.2021981179714203,0.0098272440955042
7,17,0.5852990746498108,0.14793658256530762,0.19566130638122559,0.0209989324212074
7,18,0.43528974056243896,0.15735454857349396,0.19785939157009125,0.0008523986907675
7,19,0.7845498919487,0.15376430749893188,0.20887941122055054,0.0170417036861181
7,20,0.4576690196990967,0.16985595226287842,0.20000596344470978,0.0119415037333965
7,21,0.48399198055267334,0.15837611258029938,0.19709423184394836,0.0085849873721599
7,22,0.6064577102661133,0.16217780113220215,0.20103999972343445,0.0005073366337455
7,23,1.3196420669555664,0.1261337250471115,0.2215094119310379,0.0172919891774654
7,24,0.529222309589386,0.15626734495162964,0.19404242932796478,0.0106935864314436
7,25,0.415303111076355,0.15959954261779785,0.19635920226573944,0.0159460958093404
7,26,0.5606842637062073,0.16048818826675415,0.19941234588623047,0.0145514421164989
7,27,0.42100784182548523,0.15647660195827484,0.1942630261182785,0.0106510873883962
7,28,0.45387133955955505,0.16495098173618317,0.19732579588890076,0.0004901955253444
7,29,0.5433701872825623,0.15213972330093384,0.18954245746135712,0.0119625432416796
7,30,0.5870893001556396,0.16459783911705017,0.20326906442642212,0.0105708204209804
7,31,0.4891130328178406,0.15839406847953796,0.198720321059227,0.0159856788814067
7,32,0.5541754364967346,0.149562805891037,0.1952844262123108,0.0090405782684683
7,33,0.47271645069122314,0.15909099578857422,0.19625037908554077,0.0105572277680039
7,34,0.6189122200012207,0.15424466133117676,0.20376558601856232,0.0144529687240719
7,35,0.5915602445602417,0.15668421983718872,0.19567863643169403,0.0087369512766599
7,36,0.6503439545631409,0.14011995494365692,0.1906052529811859,0.000886600872036
7,37,0.7798965573310852,0.14118191599845886,0.1969330906867981,0.0168776474893093
7,38,0.5961389541625977,0.14756470918655396,0.20642471313476562,0.0048367688432335
7,39,0.5641461610794067,0.15515857934951782,0.20208457112312317,0.0111120622605085
7,40,0.5120764970779419,0.1461271047592163,0.1924152970314026,0.0009824977023527
7,41,0.4969988465309143,0.1645313948392868,0.19919657707214355,0.01785559207201
7,42,0.575061023235321,0.15313363075256348,0.19932880997657776,0.0091574629768729
7,43,0.487922728061676,0.15415406227111816,0.1861918568611145,0.0127940401434898
7,44,0.5584880709648132,0.1599319875240326,0.19876296818256378,0.0340257510542869
7,45,0.5234704613685608,0.15949104726314545,0.1953248679637909,0.0061024269089102
7,46,0.5085152387619019,0.16197481751441956,0.20036619901657104,0.0097160758450627
7,47,0.589413046836853,0.153900146484375,0.19350391626358032,0.0145147396251559
7,48,0.46849510073661804,0.15324077010154724,0.19457203149795532,0.0187992732971906
7,49,0.507841169834137,0.15690335631370544,0.18889348208904266,0.0173721835017204
7,50,0.4469743072986603,0.15812544524669647,0.19349949061870575,0.0222961567342281
7,51,0.623154878616333,0.1434316486120224,0.19645707309246063,0.0035233520902693
7,52,0.46665850281715393,0.1570877730846405,0.19980372488498688,0.0264402609318494
7,53,0.5340180397033691,0.15626630187034607,0.19566026329994202,0.0009464581962674
7,54,0.7766051292419434,0.16056987643241882,0.20519839227199554,0.0089065982028841
7,55,0.5997810363769531,0.14455163478851318,0.1987096071243286,0.0121364509686827
7,56,0.8176689743995667,0.15149743854999542,0.20120131969451904,0.0022018391173332
7,57,0.49627405405044556,0.15786737203598022,0.19728294014930725,0.0085723120719194
7,58,0.5608919858932495,0.1528841108083725,0.19779036939144135,0.0133799221366643
7,59,0.740551769733429,0.15593953430652618,0.2025066465139389,0.0121290115639567
7,60,0.7658942341804504,0.15001393854618073,0.2007746696472168,0.0116029344499111
7,61,0.571773111820221,0.15337426960468292,0.19901640713214874,0.0261828582733869
7,62,0.8020074367523193,0.1274479329586029,0.1918255239725113,0.0638592615723609
7,63,0.5305874943733215,0.1482013463973999,0.19462473690509796,0.000615106720943
7,64,0.6741454005241394,0.15328645706176758,0.19837825000286102,0.0005580627475865
7,65,0.4745219647884369,0.15679463744163513,0.19380977749824524,0.011254820972681
7,66,0.5403714179992676,0.15366214513778687,0.19498211145401,0.0002462551055941
7,67,0.46336302161216736,0.15861576795578003,0.20024238526821136,0.0082805072888731
7,68,0.4254167973995209,0.16136491298675537,0.19538114964962006,0.0004503064847085
7,69,0.5127446055412292,0.1565881073474884,0.19652390480041504,0.0082110371440649
7,70,0.6282405853271484,0.15473267436027527,0.19688639044761658,0.0101875737309455
7,71,0.4309692978858948,0.16403654217720032,0.1955745816230774,0.0108545906841754
7,72,0.47067850828170776,0.16175605356693268,0.1918727606534958,0.010423551313579
7,73,0.6532710194587708,0.15103787183761597,0.19816093146800995,0.0001309725921601
7,74,0.5158069729804993,0.15890154242515564,0.2003982961177826,0.013863562606275
7,75,0.4033992886543274,0.15877187252044678,0.1922077238559723,0.0003798285324592
7,76,0.5620184540748596,0.15335801243782043,0.19420665502548218,0.0003332976484671
7,77,0.5937762260437012,0.15357834100723267,0.1965222805738449,0.0135151157155632
7,78,0.5116119980812073,0.15674513578414917,0.19786220788955688,0.0004360858583822
7,79,0.6476263403892517,0.15448841452598572,0.19822363555431366,0.0027621565386652
7,80,0.6482332944869995,0.15582913160324097,0.20113562047481537,0.0171117894351482
7,81,0.6929606795310974,0.1586763560771942,0.20501628518104553,0.0184198934584856
7,82,0.5677754878997803,0.15376392006874084,0.19696559011936188,0.0179924648255109
7,83,0.49786582589149475,0.15862472355365753,0.19954247772693634,0.0164135433733463
7,84,0.7230814695358276,0.14866477251052856,0.20191287994384766,0.0098566273227334
7,85,0.5041425824165344,0.16060051321983337,0.2026851326227188,0.0130119156092405
7,86,0.714958131313324,0.1511794626712799,0.19455990195274353,0.0160455889999866
7,87,0.6630297303199768,0.14878857135772705,0.20064593851566315,0.0190406721085309
7,88,0.6837777495384216,0.149727463722229,0.20093534886837006,0.0111741563305258
7,89,0.7527725696563721,0.16155177354812622,0.20255547761917114,0.0103386491537094
7,90,0.5420436263084412,0.15567007660865784,0.19609840214252472,0.0130025772377848
7,91,0.4755004346370697,0.16024817526340485,0.19467708468437195,0.008866342715919
7,92,0.4527748227119446,0.1665264368057251,0.19662824273109436,0.0107765486463904
7,93,0.5409104228019714,0.1605733335018158,0.1954001635313034,0.0127754332497715
7,94,0.7038626670837402,0.1540927290916443,0.20552651584148407,0.0106688942760229
7,95,0.49317464232444763,0.15196028351783752,0.1920260637998581,0.0162399858236312
7,96,0.5830857753753662,0.15975773334503174,0.20001055300235748,0.0145440930500626
7,97,0.6586343050003052,0.1489112377166748,0.19375209510326385,0.0143593288958072
7,98,0.6680551171302795,0.15811103582382202,0.1980728656053543,0.0142815764993429
7,99,0.6264607906341553,0.15328627824783325,0.20482401549816132,0.0005365024553611
7,100,0.5196373462677002,0.14636290073394775,0.19698098301887512,0.0227494481950998
7,101,0.5705242156982422,0.16155868768692017,0.19226182997226715,0.0005808885325677
7,102,0.3782426416873932,0.15997269749641418,0.19471696019172668,0.0213081967085599
7,103,0.4114106595516205,0.15848985314369202,0.1925484538078308,0.0083465240895748
7,104,0.5353745818138123,0.1656329333782196,0.20180340111255646,0.0109030809253454
7,105,0.5247551202774048,0.16588766872882843,0.2014733999967575,0.0119376527145504
7,106,0.525850236415863,0.15112841129302979,0.19209754467010498,0.000509672681801
7,107,0.503409206867218,0.14895683526992798,0.19457630813121796,0.0008606287883594
7,108,0.4871557652950287,0.14931654930114746,0.19542863965034485,0.0149869238957762
7,109,0.561703085899353,0.1589367389678955,0.1954280287027359,0.0004409949760884
7,110,0.730140209197998,0.15181133151054382,0.20193542540073395,0.0115344543009996
7,111,0.4807501435279846,0.14668147265911102,0.19057714939117432,0.0459370166063308
7,112,0.5097095966339111,0.16091901063919067,0.1978777050971985,0.0145344035699963
7,113,0.5582433938980103,0.15407004952430725,0.1935075968503952,0.0177027303725481
7,114,0.5787714719772339,0.15745237469673157,0.19619283080101013,0.020714845508337
7,115,0.844600260257721,0.14611713588237762,0.19766077399253845,0.0125665301457047
7,116,0.4248507022857666,0.1593324840068817,0.1972636580467224,0.0160967726260423
7,117,0.5646215081214905,0.1645050048828125,0.20211881399154663,0.0141656240448355
7,118,0.4933858811855316,0.15459585189819336,0.1960340440273285,0.0164397191256284
7,119,0.505582332611084,0.15187112987041473,0.19973967969417572,0.0005116802640259
7,120,0.6549972891807556,0.15800508856773376,0.1961916834115982,0.0126826697960495
7,121,0.47602686285972595,0.15696746110916138,0.19588351249694824,0.0124961975961923
7,122,0.4512474536895752,0.16037863492965698,0.19079437851905823,0.0089941145852208
7,123,0.8590512275695801,0.14631222188472748,0.20625577867031097,0.01218057051301
7,124,0.5401463508605957,0.15988856554031372,0.19971995055675507,0.0281422268599271
7,125,0.6271767020225525,0.15433800220489502,0.19950740039348602,0.0116696348413825
7,126,1.0184539556503296,0.1556684672832489,0.2121359407901764,0.020077921450138
7,127,0.6517488360404968,0.14390255510807037,0.1949879378080368,0.0031929942779242
