block,block_name,channel,minimum,maximum,rms,channel_scale,tensor_scale,rms_over_tensor_scale,approximate_int8_codes
1,model.mobilevit.encoder.layer.0.layer.0,0,-0.27846458554267883,9.284625053405762,2.3996384143829346,0.037502311170101166,0.21676690876483917,11.0701322555542,45
1,model.mobilevit.encoder.layer.0.layer.0,1,-0.27846455574035645,0.21260318160057068,0.1041734367609024,0.0019257558742538095,0.21676690876483917,0.48057812452316284,3
1,model.mobilevit.encoder.layer.0.layer.0,2,-0.27846458554267883,6.159465789794922,1.8067814111709595,0.025246785953640938,0.21676690876483917,8.335134506225586,30
1,model.mobilevit.encoder.layer.0.layer.0,3,-0.27846458554267883,0.8981897234916687,0.19421587884426117,0.00461433082818985,0.21676690876483917,0.8959664702415466,6
1,model.mobilevit.encoder.layer.0.layer.0,4,-0.12905535101890564,0.9029959440231323,0.024885304272174835,0.004047260154038668,0.21676690876483917,0.11480213701725006,5
1,model.mobilevit.encoder.layer.0.layer.0,5,-0.27846455574035645,0.5346593856811523,0.07884106785058975,0.0031887213699519634,0.21676690876483917,0.3637135922908783,4
1,model.mobilevit.encoder.layer.0.layer.0,6,-0.27846455574035645,0.9915186762809753,0.22370463609695435,0.004980326630175114,0.21676690876483917,1.0320054292678833,6
1,model.mobilevit.encoder.layer.0.layer.0,7,-0.27846458554267883,-0.05828378349542618,0.27265605330467224,0.000863454130012542,0.21676690876483917,1.2578306198120117,2
1,model.mobilevit.encoder.layer.0.layer.0,8,0.5055765509605408,2.1176340579986572,0.6746153235435486,0.0063217938877642155,0.21676690876483917,3.1121692657470703,8
1,model.mobilevit.encoder.layer.0.layer.0,9,-0.27846458554267883,0.5958876609802246,0.2521005868911743,0.0034288321621716022,0.21676690876483917,1.1630030870437622,5
1,model.mobilevit.encoder.layer.0.layer.0,10,-0.27846455574035645,20.81666374206543,1.4665929079055786,0.08272599428892136,0.21676690876483917,6.7657599449157715,98
1,model.mobilevit.encoder.layer.0.layer.0,11,-0.27846458554267883,0.9183236956596375,0.18307943642139435,0.0046932874247431755,0.21676690876483917,0.8445912599563599,6
1,model.mobilevit.encoder.layer.0.layer.0,12,-0.27846458554267883,54.99709701538086,2.998694896697998,0.21676690876483917,0.21676690876483917,13.83372974395752,256
1,model.mobilevit.encoder.layer.0.layer.0,13,-0.27846455574035645,1.1338820457458496,0.17892014980316162,0.005538614001125097,0.21676690876483917,0.8254034519195557,7
1,model.mobilevit.encoder.layer.0.layer.0,14,-0.27846455574035645,13.14073657989502,1.5921218395233154,0.05262431874871254,0.21676690876483917,7.3448567390441895,62
1,model.mobilevit.encoder.layer.0.layer.0,15,-0.27846458554267883,18.643299102783203,1.3939647674560547,0.0742029994726181,0.21676690876483917,6.430708408355713,88
1,model.mobilevit.encoder.layer.0.layer.0,16,-0.27846458554267883,2.361661434173584,0.24600505828857422,0.010353434830904007,0.21676690876483917,1.134882926940918,13
1,model.mobilevit.encoder.layer.0.layer.0,17,-0.27846458554267883,0.04298439994454384,0.2629856467247009,0.001260584220290184,0.21676690876483917,1.2132185697555542,2
1,model.mobilevit.encoder.layer.0.layer.0,18,-0.27846455574035645,2.1248602867126465,0.2570481598377228,0.009424802847206593,0.21676690876483917,1.1858274936676025,12
1,model.mobilevit.encoder.layer.0.layer.0,19,-0.27846455574035645,3.316250801086426,0.4821641445159912,0.014096923172473907,0.21676690876483917,2.224343776702881,17
1,model.mobilevit.encoder.layer.0.layer.0,20,-0.27846455574035645,8.209153175354004,1.4493217468261719,0.03328477591276169,0.21676690876483917,6.686083793640137,40
1,model.mobilevit.encoder.layer.0.layer.0,21,-0.2775217890739441,0.5204981565475464,0.1417519748210907,0.00312948995269835,0.21676690876483917,0.6539373397827148,4
1,model.mobilevit.encoder.layer.0.layer.0,22,-0.27846458554267883,10.223150253295898,1.5368671417236328,0.04118280112743378,0.21676690876483917,7.0899529457092285,49
1,model.mobilevit.encoder.layer.0.layer.0,23,-0.27846455574035645,15.086875915527344,2.316221237182617,0.0602562353014946,0.21676690876483917,10.685308456420898,71
1,model.mobilevit.encoder.layer.0.layer.0,24,-0.16275924444198608,0.2241293042898178,0.03129184991121292,0.0015172100393101573,0.21676690876483917,0.1443571299314499,2
1,model.mobilevit.encoder.layer.0.layer.0,25,-0.23374639451503754,1.4456846714019775,0.2646609842777252,0.006586004048585892,0.21676690876483917,1.2209473848342896,8
1,model.mobilevit.encoder.layer.0.layer.0,26,-0.27846455574035645,5.583456039428711,0.25981274247169495,0.02298792265355587,0.21676690876483917,1.1985812187194824,28
1,model.mobilevit.encoder.layer.0.layer.0,27,-0.27846455574035645,13.891287803649902,1.8053545951843262,0.055567655712366104,0.21676690876483917,8.32855224609375,66
1,model.mobilevit.encoder.layer.0.layer.0,28,0.06555983424186707,0.4618366062641144,0.22251617908477783,0.0015540265012532473,0.21676690876483917,1.0265228748321533,2
1,model.mobilevit.encoder.layer.0.layer.0,29,-0.27846455574035645,26.438007354736328,2.030144691467285,0.1047704815864563,0.21676690876483917,9.365565299987793,124
1,model.mobilevit.encoder.layer.0.layer.0,30,-0.27846458554267883,0.1816444993019104,0.181278795003891,0.0018043493619188666,0.21676690876483917,0.8362844586372375,3
1,model.mobilevit.encoder.layer.0.layer.0,31,-0.09427107125520706,0.07445354759693146,0.035028018057346344,0.0006616652244701982,0.21676690876483917,0.1615930199623108,1
2,model.mobilevit.encoder.layer.1.layer.0,0,-0.27846455574035645,0.7642470002174377,0.08740150928497314,0.00408906489610672,0.5132473707199097,0.17029120028018951,3
2,model.mobilevit.encoder.layer.1.layer.0,1,-0.27846458554267883,15.479212760925293,2.246467113494873,0.061794813722372055,0.5132473707199097,4.376967430114746,31
2,model.mobilevit.encoder.layer.1.layer.0,2,-0.27846455574035645,1.1718556880950928,0.08877117931842804,0.005687530152499676,0.5132473707199097,0.1729598343372345,3
2,model.mobilevit.encoder.layer.1.layer.0,3,-0.27846455574035645,3.661670207977295,0.25208091735839844,0.015451508574187756,0.5132473707199097,0.491148978471756,8
2,model.mobilevit.encoder.layer.1.layer.0,4,-0.27846458554267883,130.59962463378906,4.249995708465576,0.5132473707199097,0.5132473707199097,8.280598640441895,256
2,model.mobilevit.encoder.layer.1.layer.0,5,-0.27846455574035645,1.2018393278121948,0.2873772382736206,0.005805113352835178,0.5132473707199097,0.559919536113739,3
2,model.mobilevit.encoder.layer.1.layer.0,6,-0.27846458554267883,76.27751159667969,4.004024982452393,0.30021950602531433,0.5132473707199097,7.801354885101318,150
2,model.mobilevit.encoder.layer.1.layer.0,7,-0.27846431732177734,5.3853349685668945,0.9276418089866638,0.022210977971553802,0.5132473707199097,1.8073971271514893,12
2,model.mobilevit.encoder.layer.1.layer.0,8,-0.27846458554267883,100.4274673461914,7.158845901489258,0.39492523670196533,0.5132473707199097,13.948139190673828,197
2,model.mobilevit.encoder.layer.1.layer.0,9,-0.1354374885559082,0.1608218103647232,0.016704468056559563,0.0011618011631071568,0.5132473707199097,0.032546620815992355,1
2,model.mobilevit.encoder.layer.1.layer.0,10,-0.27845218777656555,1.1509073972702026,0.10430118441581726,0.005605331622064114,0.5132473707199097,0.20321816205978394,3
2,model.mobilevit.encoder.layer.1.layer.0,11,-0.24839775264263153,0.2525367736816406,0.04029006510972977,0.0019644491840153933,0.5132473707199097,0.07850028574466705,1
2,model.mobilevit.encoder.layer.1.layer.0,12,-0.2625809609889984,12.927692413330078,1.6289116144180298,0.0517265610396862,0.5132473707199097,3.1737358570098877,26
2,model.mobilevit.encoder.layer.1.layer.0,13,-0.27314653992652893,1.067846417427063,0.10318788886070251,0.00525879580527544,0.5132473707199097,0.20104902982711792,3
2,model.mobilevit.encoder.layer.1.layer.0,14,-0.2644224762916565,0.38557443022727966,0.07273530960083008,0.0025490073021501303,0.5132473707199097,0.1417158991098404,2
2,model.mobilevit.encoder.layer.1.layer.0,15,-0.27846458554267883,8.050786972045898,1.1955466270446777,0.032663729041814804,0.5132473707199097,2.3293769359588623,17
2,model.mobilevit.encoder.layer.1.layer.0,16,-0.27846455574035645,6.300375938415527,0.9528106451034546,0.025799373164772987,0.5132473707199097,1.8564355373382568,13
2,model.mobilevit.encoder.layer.1.layer.0,17,-0.27846455574035645,1.4420404434204102,0.1331137865781784,0.006747078616172075,0.5132473707199097,0.25935599207878113,4
2,model.mobilevit.encoder.layer.1.layer.0,18,-0.27846458554267883,43.423274993896484,3.1087472438812256,0.17137937247753143,0.5132473707199097,6.057015419006348,86
2,model.mobilevit.encoder.layer.1.layer.0,19,-0.27846455574035645,107.29306030273438,6.745925426483154,0.4218491315841675,0.5132473707199097,13.143613815307617,210
2,model.mobilevit.encoder.layer.1.layer.0,20,-0.27846458554267883,71.56731414794922,5.361795902252197,0.2817481458187103,0.5132473707199097,10.446805953979492,140
2,model.mobilevit.encoder.layer.1.layer.0,21,-0.27846458554267883,94.35918426513672,8.500067710876465,0.37112802267074585,0.5132473707199097,16.56134605407715,185
2,model.mobilevit.encoder.layer.1.layer.0,22,-0.27846458554267883,36.61674118041992,3.7265448570251465,0.14468708634376526,0.5132473707199097,7.260718822479248,72
2,model.mobilevit.encoder.layer.1.layer.0,23,-0.27846458554267883,25.098819732666016,2.263641595840454,0.09951876103878021,0.5132473707199097,4.410429954528809,50
2,model.mobilevit.encoder.layer.1.layer.0,24,-0.27846455574035645,0.3084099292755127,0.15557071566581726,0.002301468513906002,0.5132473707199097,0.30311059951782227,2
2,model.mobilevit.encoder.layer.1.layer.0,25,-0.27846458554267883,0.5258387327194214,0.14198502898216248,0.0031541306525468826,0.5132473707199097,0.27664053440093994,2
2,model.mobilevit.encoder.layer.1.layer.0,26,-0.27846458554267883,15.070420265197754,1.6178563833236694,0.06019170582294464,0.5132473707199097,3.152196168899536,30
2,model.mobilevit.encoder.layer.1.layer.0,27,-0.2784644663333893,1.4163768291473389,0.12785464525222778,0.006646436173468828,0.5132473707199097,0.2491092085838318,4
2,model.mobilevit.encoder.layer.1.layer.0,28,-0.0649639368057251,0.08472032099962234,0.010610928758978844,0.0005869970773346722,0.5132473707199097,0.020674102008342743,1
2,model.mobilevit.encoder.layer.1.layer.0,29,-0.16423636674880981,0.15426933765411377,0.04776954650878906,0.001249041990377009,0.5132473707199097,0.09307314455509186,1
2,model.mobilevit.encoder.layer.1.layer.0,30,-0.27846458554267883,107.06254577636719,4.97959041595459,0.4209451377391815,0.5132473707199097,9.702125549316406,210
2,model.mobilevit.encoder.layer.1.layer.0,31,-0.27846458554267883,1.09467613697052,0.21730652451515198,0.005384865682572126,0.5132473707199097,0.4233953058719635,3
3,model.mobilevit.encoder.layer.1.layer.1,0,-0.09178970009088516,0.19753777980804443,0.02712838165462017,0.0011346174869686365,0.12154709547758102,0.22319234907627106,3
3,model.mobilevit.encoder.layer.1.layer.1,1,-0.27846458554267883,17.42645263671875,2.4498584270477295,0.06943105161190033,0.12154709547758102,20.15563201904297,146
3,model.mobilevit.encoder.layer.1.layer.1,2,-0.2568572461605072,0.23327398300170898,0.06173219531774521,0.0019220832036808133,0.12154709547758102,0.507887065410614,5
3,model.mobilevit.encoder.layer.1.layer.1,3,-0.27846458554267883,21.192790985107422,2.6679229736328125,0.08420100808143616,0.12154709547758102,21.949705123901367,177
3,model.mobilevit.encoder.layer.1.layer.1,4,-0.27846458554267883,1.100751280784607,0.22834201157093048,0.005408689379692078,0.12154709547758102,1.8786299228668213,12
3,model.mobilevit.encoder.layer.1.layer.1,5,-0.27846458554267883,0.4526018500328064,0.19587968289852142,0.0028669273015111685,0.12154709547758102,1.6115537881851196,7
3,model.mobilevit.encoder.layer.1.layer.1,6,-0.2784302532672882,0.684644877910614,0.062240201979875565,0.003776765428483486,0.12154709547758102,0.5120665431022644,8
3,model.mobilevit.encoder.layer.1.layer.1,7,-0.27846458554267883,0.7125864624977112,0.18621088564395905,0.0038864747621119022,0.12154709547758102,1.532006025314331,9
3,model.mobilevit.encoder.layer.1.layer.1,8,-0.27846458554267883,0.2260151356458664,0.1853989064693451,0.0019783517345786095,0.12154709547758102,1.5253256559371948,5
3,model.mobilevit.encoder.layer.1.layer.1,9,-0.12261448800563812,0.1629825383424759,0.03864554315805435,0.0011199883883818984,0.12154709547758102,0.31794705986976624,3
3,model.mobilevit.encoder.layer.1.layer.1,10,-0.27846458554267883,0.6163045763969421,0.18113727867603302,0.0035088988952338696,0.12154709547758102,1.4902641773223877,8
3,model.mobilevit.encoder.layer.1.layer.1,11,0.13497020304203033,8.109243392944336,1.9916424751281738,0.03127165883779526,0.12154709547758102,16.385766983032227,66
3,model.mobilevit.encoder.layer.1.layer.1,12,-0.27846458554267883,1.2594270706176758,0.20017005503177643,0.006030947435647249,0.12154709547758102,1.6468517780303955,13
3,model.mobilevit.encoder.layer.1.layer.1,13,-0.27846458554267883,1.0753321647644043,0.2681714594364166,0.005309006664901972,0.12154709547758102,2.206317186355591,12
3,model.mobilevit.encoder.layer.1.layer.1,14,0.11128254234790802,0.7590112686157227,0.2489786446094513,0.002540112705901265,0.12154709547758102,2.048413038253784,6
3,model.mobilevit.encoder.layer.1.layer.1,15,-0.09306016564369202,0.12190568447113037,0.04080922156572342,0.0008430033340118825,0.12154709547758102,0.33574822545051575,2
3,model.mobilevit.encoder.layer.1.layer.1,16,-0.2007228285074234,0.09785859286785126,0.05272357165813446,0.001170907518826425,0.12154709547758102,0.43377071619033813,3
3,model.mobilevit.encoder.layer.1.layer.1,17,-0.27846458554267883,0.14866569638252258,0.19988146424293518,0.001675020670518279,0.12154709547758102,1.6444774866104126,4
3,model.mobilevit.encoder.layer.1.layer.1,18,-0.27846455574035645,3.7814693450927734,1.0657199621200562,0.01592130772769451,0.12154709547758102,8.767958641052246,34
3,model.mobilevit.encoder.layer.1.layer.1,19,-0.27846455574035645,0.0771375298500061,0.18105190992355347,0.0013945179525762796,0.12154709547758102,1.4895617961883545,3
3,model.mobilevit.encoder.layer.1.layer.1,20,-0.27846458554267883,0.7484068274497986,0.1917051076889038,0.004026946611702442,0.12154709547758102,1.5772085189819336,9
3,model.mobilevit.encoder.layer.1.layer.1,21,-0.27846458554267883,30.71604347229004,3.5742475986480713,0.12154709547758102,0.12154709547758102,29.40627670288086,256
3,model.mobilevit.encoder.layer.1.layer.1,22,-0.27846455574035645,0.7631957530975342,0.20124906301498413,0.0040849423967301846,0.12154709547758102,1.655729055404663,9
3,model.mobilevit.encoder.layer.1.layer.1,23,-0.19386304914951324,0.10919170081615448,0.04627455025911331,0.001188450027257204,0.12154709547758102,0.38071292638778687,3
3,model.mobilevit.encoder.layer.1.layer.1,24,-0.09064003080129623,0.36295706033706665,0.07379946112632751,0.0017788121476769447,0.12154709547758102,0.6071676015853882,4
3,model.mobilevit.encoder.layer.1.layer.1,25,0.044027384370565414,0.28004392981529236,0.10075852274894714,0.0009255550685338676,0.12154709547758102,0.8289669156074524,2
3,model.mobilevit.encoder.layer.1.layer.1,26,-0.09669724851846695,0.48713186383247375,0.3367065191268921,0.002289525931701064,0.12154709547758102,2.7701733112335205,5
3,model.mobilevit.encoder.layer.1.layer.1,27,-0.27846458554267883,0.34476423263549805,0.1863803267478943,0.002444034442305565,0.12154709547758102,1.533400058746338,6
3,model.mobilevit.encoder.layer.1.layer.1,28,0.03368405997753143,5.549047470092773,1.3206344842910767,0.02162887528538704,0.12154709547758102,10.86520767211914,46
3,model.mobilevit.encoder.layer.1.layer.1,29,-0.20728269219398499,0.5930993556976318,0.2456890195608139,0.003138753119856119,0.12154709547758102,2.021348237991333,7
3,model.mobilevit.encoder.layer.1.layer.1,30,-0.27846455574035645,0.6657928228378296,0.15899395942687988,0.0037029702216386795,0.12154709547758102,1.3080852031707764,8
3,model.mobilevit.encoder.layer.1.layer.1,31,-0.27846455574035645,0.5867423415184021,0.12509430944919586,0.003392968326807022,0.12154709547758102,1.0291838645935059,8
3,model.mobilevit.encoder.layer.1.layer.1,32,-0.27846455574035645,0.11395855247974396,0.1146416962146759,0.0015389140462502837,0.12154709547758102,0.9431874752044678,4
3,model.mobilevit.encoder.layer.1.layer.1,33,-0.10396263003349304,0.09436759352684021,0.04969453066587448,0.0007777655846439302,0.12154709547758102,0.4088500142097473,2
3,model.mobilevit.encoder.layer.1.layer.1,34,-0.27846455574035645,0.20330995321273804,0.1311209499835968,0.0018893118249252439,0.12154709547758102,1.0787665843963623,4
3,model.mobilevit.encoder.layer.1.layer.1,35,-0.05765780434012413,0.16480499505996704,0.030635325238108635,0.0008724031504243612,0.12154709547758102,0.2520448863506317,2
3,model.mobilevit.encoder.layer.1.layer.1,36,-0.27846458554267883,2.4348435401916504,0.3990711569786072,0.010640423744916916,0.12154709547758102,3.283263683319092,23
3,model.mobilevit.encoder.layer.1.layer.1,37,0.06890778988599777,0.40818437933921814,0.1613202691078186,0.0013304963940754533,0.12154709547758102,1.3272243738174438,3
3,model.mobilevit.encoder.layer.1.layer.1,38,-0.025998041033744812,0.2157188057899475,0.029518399387598038,0.0009479091968387365,0.12154709547758102,0.24285565316677094,2
3,model.mobilevit.encoder.layer.1.layer.1,39,-0.028673268854618073,0.2507455050945282,0.02647554688155651,0.001095759915187955,0.12154709547758102,0.21782130002975464,3
3,model.mobilevit.encoder.layer.1.layer.1,40,-0.12145493924617767,0.34832844138145447,0.057725876569747925,0.0018422877183184028,0.12154709547758102,0.4749259948730469,4
3,model.mobilevit.encoder.layer.1.layer.1,41,-0.27846458554267883,0.41503027081489563,0.1741316169500351,0.0027195876464247704,0.12154709547758102,1.432626724243164,6
3,model.mobilevit.encoder.layer.1.layer.1,42,-0.06335461884737015,0.2825477719306946,0.11263689398765564,0.0013564799446612597,0.12154709547758102,0.9266934394836426,3
3,model.mobilevit.encoder.layer.1.layer.1,43,-0.27846455574035645,0.552251398563385,0.11490092426538467,0.0032577095553278923,0.12154709547758102,0.945320188999176,7
3,model.mobilevit.encoder.layer.1.layer.1,44,-0.27846458554267883,-0.010190609842538834,0.21056748926639557,0.0010520548094063997,0.12154709547758102,1.7323942184448242,3
3,model.mobilevit.encoder.layer.1.layer.1,45,-0.27839046716690063,0.8351665735244751,0.4818601906299591,0.004366890527307987,0.12154709547758102,3.964390754699707,10
3,model.mobilevit.encoder.layer.1.layer.1,46,-0.21347223222255707,0.2872571051120758,0.060934387147426605,0.001963644288480282,0.12154709547758102,0.5013232827186584,5
3,model.mobilevit.encoder.layer.1.layer.1,47,-0.27846306562423706,0.3334130048751831,0.08365108072757721,0.002399513963609934,0.12154709547758102,0.6882194876670837,6
4,model.mobilevit.encoder.layer.1.layer.2,0,-0.27846458554267883,3.802478551864624,0.24731659889221191,0.016003698110580444,0.06761731207370758,3.6575927734375,61
4,model.mobilevit.encoder.layer.1.layer.2,1,-0.06254494190216064,0.14740164577960968,0.02773779258131981,0.0008233199478127062,0.06761731207370758,0.4102173149585724,4
4,model.mobilevit.encoder.layer.1.layer.2,2,-0.27846458554267883,10.521382331848145,0.9894342422485352,0.0423523411154747,0.06761731207370758,14.632853507995605,160
4,model.mobilevit.encoder.layer.1.layer.2,3,-0.27846458554267883,0.9799980521202087,0.16879956424236298,0.0049351477064192295,0.06761731207370758,2.4963955879211426,19
4,model.mobilevit.encoder.layer.1.layer.2,4,-0.27846455574035645,6.06848669052124,1.8418740034103394,0.024890005588531494,0.06761731207370758,27.239681243896484,94
4,model.mobilevit.encoder.layer.1.layer.2,5,-0.27846455574035645,3.859135150909424,0.48727163672447205,0.01622588187456131,0.06761731207370758,7.206314563751221,62
4,model.mobilevit.encoder.layer.1.layer.2,6,-0.27846455574035645,0.4031211733818054,0.15415458381175995,0.002672885311767459,0.06761731207370758,2.2798094749450684,11
4,model.mobilevit.encoder.layer.1.layer.2,7,-0.27846458554267883,1.6038702726364136,0.23992417752742767,0.007381705101579428,0.06761731207370758,3.5482654571533203,28
4,model.mobilevit.encoder.layer.1.layer.2,8,-0.27846458554267883,1.0200603008270264,0.2093455195426941,0.005092254374176264,0.06761731207370758,3.096034288406372,20
4,model.mobilevit.encoder.layer.1.layer.2,9,-0.27846458554267883,2.022810935974121,0.241832435131073,0.009024609811604023,0.06761731207370758,3.5764870643615723,35
4,model.mobilevit.encoder.layer.1.layer.2,10,-0.27846455574035645,1.9715301990509033,0.21343496441841125,0.008823508396744728,0.06761731207370758,3.1565136909484863,34
4,model.mobilevit.encoder.layer.1.layer.2,11,-0.27846455574035645,3.8271889686584473,0.5832333564758301,0.016100602224469185,0.06761731207370758,8.625503540039062,61
4,model.mobilevit.encoder.layer.1.layer.2,12,-0.27846452593803406,0.2076965719461441,0.07610621303319931,0.0019065141677856445,0.06761731207370758,1.1255433559417725,8
4,model.mobilevit.encoder.layer.1.layer.2,13,-0.07222824543714523,0.11051207780838013,0.02746504172682762,0.0007166287396103144,0.06761731207370758,0.4061835706233978,3
4,model.mobilevit.encoder.layer.1.layer.2,14,-0.27846387028694153,2.5960962772369385,0.4619682729244232,0.011272784322500229,0.06761731207370758,6.8321003913879395,43
4,model.mobilevit.encoder.layer.1.layer.2,15,-0.27846458554267883,0.9391743540763855,0.14780886471271515,0.004775054752826691,0.06761731207370758,2.185961961746216,19
4,model.mobilevit.encoder.layer.1.layer.2,16,-0.27846458554267883,0.8387256264686584,0.215676948428154,0.004381138365715742,0.06761731207370758,3.1896705627441406,17
4,model.mobilevit.encoder.layer.1.layer.2,17,-0.27846458554267883,5.065108776092529,0.7708885073661804,0.020955190062522888,0.06761731207370758,11.4007568359375,80
4,model.mobilevit.encoder.layer.1.layer.2,18,-0.27846458554267883,10.721237182617188,1.1293532848358154,0.04313608258962631,0.06761731207370758,16.702131271362305,163
4,model.mobilevit.encoder.layer.1.layer.2,19,-0.27846455574035645,6.877500057220459,0.8461441397666931,0.0280626080930233,0.06761731207370758,12.513720512390137,106
4,model.mobilevit.encoder.layer.1.layer.2,20,-0.27846458554267883,16.96394920349121,2.7073721885681152,0.06761731207370758,0.06761731207370758,40.03963088989258,256
4,model.mobilevit.encoder.layer.1.layer.2,21,-0.2316339612007141,0.48105013370513916,0.05391958728432655,0.0027948396746069193,0.06761731207370758,0.7974228262901306,11
4,model.mobilevit.encoder.layer.1.layer.2,22,-0.2692287862300873,0.27141574025154114,0.0723486840724945,0.002120174700394273,0.06761731207370758,1.0699727535247803,8
4,model.mobilevit.encoder.layer.1.layer.2,23,-0.27846458554267883,1.6073275804519653,0.20587176084518433,0.00739526329562068,0.06761731207370758,3.0446605682373047,28
4,model.mobilevit.encoder.layer.1.layer.2,24,-0.12087491154670715,0.10195551812648773,0.070456862449646,0.000873844837769866,0.06761731207370758,1.0419944524765015,4
4,model.mobilevit.encoder.layer.1.layer.2,25,-0.27846455574035645,2.4917914867401123,0.508199155330658,0.01086374931037426,0.06761731207370758,7.515814304351807,41
4,model.mobilevit.encoder.layer.1.layer.2,26,-0.27846458554267883,2.6378657817840576,0.46509844064712524,0.011436589993536472,0.06761731207370758,6.878392696380615,44
4,model.mobilevit.encoder.layer.1.layer.2,27,-0.27846455574035645,0.28446173667907715,0.12696567177772522,0.002207554178312421,0.06761731207370758,1.8777095079421997,9
4,model.mobilevit.encoder.layer.1.layer.2,28,-0.27846455574035645,0.574578046798706,0.1403757482767105,0.0033452650532126427,0.06761731207370758,2.0760326385498047,13
4,model.mobilevit.encoder.layer.1.layer.2,29,-0.27846455574035645,0.9149431586265564,0.17112873494625092,0.0046800305135548115,0.06761731207370758,2.5308420658111572,18
4,model.mobilevit.encoder.layer.1.layer.2,30,-0.27846455574035645,5.804523944854736,0.9389725923538208,0.023854857310652733,0.06761731207370758,13.886570930480957,90
4,model.mobilevit.encoder.layer.1.layer.2,31,-0.27846458554267883,7.811672687530518,0.9223088026046753,0.03172602877020836,0.06761731207370758,13.640128135681152,120
4,model.mobilevit.encoder.layer.1.layer.2,32,-0.27846455574035645,0.7479269504547119,0.10519064962863922,0.004025064874440432,0.06761731207370758,1.5556763410568237,16
4,model.mobilevit.encoder.layer.1.layer.2,33,-0.27846458554267883,9.83910083770752,1.203503966331482,0.0396767258644104,0.06761731207370758,17.798755645751953,150
4,model.mobilevit.encoder.layer.1.layer.2,34,-0.27846455574035645,10.638971328735352,1.5261650085449219,0.04281347244977951,0.06761731207370758,22.57062530517578,162
4,model.mobilevit.encoder.layer.1.layer.2,35,-0.27846455574035645,1.6902412176132202,0.22624273598194122,0.007720415014773607,0.06761731207370758,3.3459291458129883,30
4,model.mobilevit.encoder.layer.1.layer.2,36,-0.27846455574035645,2.927734851837158,0.48807528614997864,0.012573330663144588,0.06761731207370758,7.218200206756592,48
4,model.mobilevit.encoder.layer.1.layer.2,37,-0.27846455574035645,5.066493988037109,1.14335036277771,0.020960621535778046,0.06761731207370758,16.909135818481445,80
4,model.mobilevit.encoder.layer.1.layer.2,38,-0.27846455574035645,0.42551344633102417,0.10846024006605148,0.002760698087513447,0.06761731207370758,1.6040306091308594,11
4,model.mobilevit.encoder.layer.1.layer.2,39,-0.27846455574035645,2.915386915206909,0.4848862290382385,0.012524907477200031,0.06761731207370758,7.171036720275879,48
4,model.mobilevit.encoder.layer.1.layer.2,40,-0.27846458554267883,0.689639687538147,0.19317786395549774,0.0037964871153235435,0.06761731207370758,2.856929063796997,15
4,model.mobilevit.encoder.layer.1.layer.2,41,-0.27846458554267883,2.620753049850464,0.3951374888420105,0.01136948075145483,0.06761731207370758,5.8437323570251465,43
4,model.mobilevit.encoder.layer.1.layer.2,42,-0.27846455574035645,3.2387502193450928,0.6314885020256042,0.01379299908876419,0.06761731207370758,9.339154243469238,53
4,model.mobilevit.encoder.layer.1.layer.2,43,-0.27846458554267883,2.387143135070801,0.29624179005622864,0.010453363880515099,0.06761731207370758,4.381153106689453,40
4,model.mobilevit.encoder.layer.1.layer.2,44,-0.2784644067287445,3.071312427520752,0.3067740797996521,0.013136379420757294,0.06761731207370758,4.536916255950928,50
4,model.mobilevit.encoder.layer.1.layer.2,45,-0.27846455574035645,4.031453609466553,0.5604258179664612,0.016901640221476555,0.06761731207370758,8.288200378417969,64
4,model.mobilevit.encoder.layer.1.layer.2,46,-0.27846455574035645,1.320330023765564,0.38916754722595215,0.006269782781600952,0.06761731207370758,5.7554426193237305,24
4,model.mobilevit.encoder.layer.1.layer.2,47,-0.2640824317932129,0.510822057723999,0.0675588995218277,0.0030388410668820143,0.06761731207370758,0.9991361498832703,12
5,model.mobilevit.encoder.layer.2.downsampling_layer,0,-0.07165772467851639,0.1282774657011032,0.014327626675367355,0.0007840595790185034,0.1950584203004837,0.07345300167798996,2
5,model.mobilevit.encoder.layer.2.downsampling_layer,1,-0.27846455574035645,8.633051872253418,1.116939663887024,0.034947123378515244,0.1950584203004837,5.726180076599121,46
5,model.mobilevit.encoder.layer.2.downsampling_layer,2,-0.27831098437309265,0.7471661567687988,0.33818742632865906,0.004021479282528162,0.1950584203004837,1.733775019645691,6
5,model.mobilevit.encoder.layer.2.downsampling_layer,3,-0.10128211230039597,0.1571052223443985,0.0233248770236969,0.0010132836177945137,0.1950584203004837,0.11957892775535583,2
5,model.mobilevit.encoder.layer.2.downsampling_layer,4,-0.18408988416194916,0.09956815838813782,0.028845423832535744,0.0011123843723908067,0.1950584203004837,0.1478809416294098,2
5,model.mobilevit.encoder.layer.2.downsampling_layer,5,-0.22901982069015503,0.15773852169513702,0.07356666028499603,0.0015166993252933025,0.1950584203004837,0.3771519362926483,2
5,model.mobilevit.encoder.layer.2.downsampling_layer,6,-0.27846455574035645,5.589822292327881,0.6672815680503845,0.02301289141178131,0.1950584203004837,3.420931816101074,31
5,model.mobilevit.encoder.layer.2.downsampling_layer,7,-0.1668834090232849,0.32343465089797974,0.04823457449674606,0.001922815921716392,0.1950584203004837,0.2472827136516571,3
5,model.mobilevit.encoder.layer.2.downsampling_layer,8,-0.23804108798503876,1.837393879890442,0.27948814630508423,0.008138960227370262,0.1950584203004837,1.4328433275222778,11
5,model.mobilevit.encoder.layer.2.downsampling_layer,9,-0.05435006320476532,0.2638172209262848,0.030329113826155663,0.00124771473929286,0.1950584203004837,0.1554873287677765,2
5,model.mobilevit.encoder.layer.2.downsampling_layer,10,-0.27846458554267883,5.805347442626953,0.269471675157547,0.0238580871373415,0.1950584203004837,1.3814921379089355,32
5,model.mobilevit.encoder.layer.2.downsampling_layer,11,-0.06557607650756836,0.10594134777784348,0.029941298067569733,0.0006726174033246934,0.1950584203004837,0.15349912643432617,1
5,model.mobilevit.encoder.layer.2.downsampling_layer,12,-0.24640724062919617,0.3797571063041687,0.07452640682458878,0.002455546287819743,0.1950584203004837,0.38207224011421204,4
5,model.mobilevit.encoder.layer.2.downsampling_layer,13,-0.03881489485502243,0.11759959161281586,0.015755951404571533,0.0006133901188150048,0.1950584203004837,0.08077555149793625,1
5,model.mobilevit.encoder.layer.2.downsampling_layer,14,-0.06291624903678894,0.10700484365224838,0.014860155060887337,0.0006663572276011109,0.1950584203004837,0.07618310302495956,1
5,model.mobilevit.encoder.layer.2.downsampling_layer,15,-0.27846455574035645,1.3752833604812622,0.22677680850028992,0.006485286168754101,0.1950584203004837,1.1626096963882446,9
5,model.mobilevit.encoder.layer.2.downsampling_layer,16,-0.27846458554267883,1.173750400543213,0.16348214447498322,0.005694960709661245,0.1950584203004837,0.838118851184845,8
5,model.mobilevit.encoder.layer.2.downsampling_layer,17,-0.17388887703418732,0.4290939271450043,0.07670632004737854,0.0023646384943276644,0.1950584203004837,0.39324793219566345,4
5,model.mobilevit.encoder.layer.2.downsampling_layer,18,-0.20861440896987915,1.7173885107040405,0.1604011058807373,0.0075529529713094234,0.1950584203004837,0.8223234415054321,10
5,model.mobilevit.encoder.layer.2.downsampling_layer,19,-0.27846458554267883,8.305418968200684,0.7336716055870056,0.03366228565573692,0.1950584203004837,3.761291742324829,45
5,model.mobilevit.encoder.layer.2.downsampling_layer,20,-0.27846458554267883,7.584878444671631,1.0639915466308594,0.030836639925837517,0.1950584203004837,5.454732894897461,41
5,model.mobilevit.encoder.layer.2.downsampling_layer,21,-0.239383727312088,0.5477343797683716,0.06985581666231155,0.0030867375899106264,0.1950584203004837,0.3581276535987854,5
5,model.mobilevit.encoder.layer.2.downsampling_layer,22,-0.2784641981124878,0.5798397660255432,0.10329222679138184,0.0033658978063613176,0.1950584203004837,0.5295450687408447,5
5,model.mobilevit.encoder.layer.2.downsampling_layer,23,-0.27846455574035645,7.306562423706055,0.4941052794456482,0.029745202511548996,0.1950584203004837,2.533114433288574,39
5,model.mobilevit.encoder.layer.2.downsampling_layer,24,-0.27846458554267883,2.070370674133301,0.20053879916667938,0.009211118333041668,0.1950584203004837,1.028096079826355,13
5,model.mobilevit.encoder.layer.2.downsampling_layer,25,-0.011409959755837917,0.22557874023914337,0.04457912966609001,0.0009293674374930561,0.1950584203004837,0.22854244709014893,2
5,model.mobilevit.encoder.layer.2.downsampling_layer,26,-0.27846458554267883,3.064265012741089,0.26434046030044556,0.013108743354678154,0.1950584203004837,1.355186104774475,18
5,model.mobilevit.encoder.layer.2.downsampling_layer,27,-0.27846455574035645,3.408867120742798,0.30757033824920654,0.01446012407541275,0.1950584203004837,1.57681143283844,19
5,model.mobilevit.encoder.layer.2.downsampling_layer,28,-0.27846452593803406,0.24069006741046906,0.08573845773935318,0.0020359004847705364,0.1950584203004837,0.4395527243614197,3
5,model.mobilevit.encoder.layer.2.downsampling_layer,29,-0.27846458554267883,7.679943561553955,0.7480248212814331,0.031209444627165794,0.1950584203004837,3.8348758220672607,41
5,model.mobilevit.encoder.layer.2.downsampling_layer,30,-0.27846455574035645,0.8098838329315186,0.15954318642616272,0.004268032964318991,0.1950584203004837,0.8179251551628113,6
5,model.mobilevit.encoder.layer.2.downsampling_layer,31,-0.27846455574035645,2.865274667739868,0.2413284033536911,0.01232838910073042,0.1950584203004837,1.2372108697891235,17
5,model.mobilevit.encoder.layer.2.downsampling_layer,32,-0.2784273624420166,1.0888972282409668,0.1586594432592392,0.005362057127058506,0.1950584203004837,0.8133944869041443,8
5,model.mobilevit.encoder.layer.2.downsampling_layer,33,-0.27846458554267883,1.7532358169555664,0.23635150492191315,0.007967452518641949,0.1950584203004837,1.2116960287094116,11
5,model.mobilevit.encoder.layer.2.downsampling_layer,34,-0.27846458554267883,49.46143341064453,3.204775333404541,0.1950584203004837,0.1950584203004837,16.42982292175293,256
5,model.mobilevit.encoder.layer.2.downsampling_layer,35,-0.08487726002931595,0.07983322441577911,0.016218120232224464,0.0006459234864450991,0.1950584203004837,0.08314494043588638,1
5,model.mobilevit.encoder.layer.2.downsampling_layer,36,-0.27846458554267883,0.8359289169311523,0.15886156260967255,0.004370170645415783,0.1950584203004837,0.8144306540489197,6
5,model.mobilevit.encoder.layer.2.downsampling_layer,37,-0.27846455574035645,4.676294803619385,0.6305633783340454,0.019430430606007576,0.1950584203004837,3.23268985748291,26
5,model.mobilevit.encoder.layer.2.downsampling_layer,38,-0.27846455574035645,3.2107276916503906,0.25209784507751465,0.013683106750249863,0.1950584203004837,1.2924222946166992,18
5,model.mobilevit.encoder.layer.2.downsampling_layer,39,-0.2675305902957916,7.382754325866699,2.3576505184173584,0.030001116916537285,0.1950584203004837,12.086894035339355,40
5,model.mobilevit.encoder.layer.2.downsampling_layer,40,-0.27846458554267883,2.6426126956939697,0.23146332800388336,0.011455205269157887,0.1950584203004837,1.186635971069336,15
5,model.mobilevit.encoder.layer.2.downsampling_layer,41,-0.08657018095254898,0.17284026741981506,0.016735542565584183,0.001017295871861279,0.1950584203004837,0.08579759299755096,2
5,model.mobilevit.encoder.layer.2.downsampling_layer,42,-0.27846455574035645,1.8502049446105957,0.2350478619337082,0.008347723633050919,0.1950584203004837,1.2050126791000366,11
5,model.mobilevit.encoder.layer.2.downsampling_layer,43,-0.27846458554267883,9.1646728515625,0.9138745665550232,0.03703191131353378,0.1950584203004837,4.6851325035095215,49
5,model.mobilevit.encoder.layer.2.downsampling_layer,44,-0.2732458710670471,0.7843141555786133,0.08232981711626053,0.0041472939774394035,0.1950584203004837,0.4220777451992035,6
5,model.mobilevit.encoder.layer.2.downsampling_layer,45,-0.27846458554267883,4.5482001304626465,0.26110392808914185,0.018928097561001778,0.1950584203004837,1.3385934829711914,25
5,model.mobilevit.encoder.layer.2.downsampling_layer,46,-0.27846455574035645,2.662198781967163,0.25148600339889526,0.011532013304531574,0.1950584203004837,1.2892855405807495,16
5,model.mobilevit.encoder.layer.2.downsampling_layer,47,-0.1631712019443512,0.7235563397407532,0.06075846776366234,0.0034773629158735275,0.1950584203004837,0.3114885687828064,5
6,model.mobilevit.encoder.layer.3.downsampling_layer,0,-0.12276904284954071,0.11734463274478912,0.034671273082494736,0.0009416222455911338,0.05475287139415741,0.633232057094574,5
6,model.mobilevit.encoder.layer.3.downsampling_layer,1,-0.21373431384563446,0.19495618343353271,0.0670328289270401,0.0016027078963816166,0.05475287139415741,1.2242796421051025,8
6,model.mobilevit.encoder.layer.3.downsampling_layer,2,-0.09104691445827484,0.09902843832969666,0.017921850085258484,0.000745393568649888,0.05475287139415741,0.3273225724697113,4
6,model.mobilevit.encoder.layer.3.downsampling_layer,3,-0.27846452593803406,1.034338116645813,0.22320504486560822,0.005148245953023434,0.05475287139415741,4.076590538024902,24
6,model.mobilevit.encoder.layer.3.downsampling_layer,4,-0.27694785594940186,1.0659446716308594,0.12413002550601959,0.005266244988888502,0.05475287139415741,2.2670962810516357,25
6,model.mobilevit.encoder.layer.3.downsampling_layer,5,-0.27846458554267883,1.026911973953247,0.242536261677742,0.005119123496115208,0.05475287139415741,4.429653644561768,24
6,model.mobilevit.encoder.layer.3.downsampling_layer,6,-0.27846455574035645,2.7710959911346436,0.2134687453508377,0.011959061026573181,0.05475287139415741,3.8987679481506348,56
6,model.mobilevit.encoder.layer.3.downsampling_layer,7,-0.27846455574035645,5.406186580657959,0.40865999460220337,0.02229274995625019,0.05475287139415741,7.463717937469482,104
6,model.mobilevit.encoder.layer.3.downsampling_layer,8,-0.27846452593803406,1.8364572525024414,0.14729805290699005,0.008293811231851578,0.05475287139415741,2.690234422683716,39
6,model.mobilevit.encoder.layer.3.downsampling_layer,9,-0.27846458554267883,2.302356004714966,0.25114089250564575,0.01012086495757103,0.05475287139415741,4.586807727813721,48
6,model.mobilevit.encoder.layer.3.downsampling_layer,10,-0.27846458554267883,2.0935842990875244,0.24815402925014496,0.009302152320742607,0.05475287139415741,4.532256126403809,44
6,model.mobilevit.encoder.layer.3.downsampling_layer,11,-0.27846455574035645,2.4432759284973145,0.21252331137657166,0.010673492215573788,0.05475287139415741,3.881500720977783,50
6,model.mobilevit.encoder.layer.3.downsampling_layer,12,-0.27846458554267883,2.8574633598327637,0.2382858246564865,0.012297756969928741,0.05475287139415741,4.352024078369141,58
6,model.mobilevit.encoder.layer.3.downsampling_layer,13,-0.27846458554267883,3.480417251586914,0.24214628338813782,0.014740712940692902,0.05475287139415741,4.4225311279296875,69
6,model.mobilevit.encoder.layer.3.downsampling_layer,14,-0.27846458554267883,2.061643362045288,0.2536624073982239,0.009176894091069698,0.05475287139415741,4.63286018371582,43
6,model.mobilevit.encoder.layer.3.downsampling_layer,15,-0.167511448264122,0.40214985609054565,0.12130380421876907,0.0022339660208672285,0.05475287139415741,2.2154784202575684,11
6,model.mobilevit.encoder.layer.3.downsampling_layer,16,-0.27846452593803406,1.3401240110397339,0.1628749519586563,0.006347406189888716,0.05475287139415741,2.974729061126709,30
6,model.mobilevit.encoder.layer.3.downsampling_layer,17,-0.09577096998691559,0.1302119493484497,0.033913206309080124,0.0008862075046636164,0.05475287139415741,0.6193867921829224,5
6,model.mobilevit.encoder.layer.3.downsampling_layer,18,-0.27846458554267883,4.894627571105957,0.6612769961357117,0.02028663642704487,0.05475287139415741,12.077485084533691,95
6,model.mobilevit.encoder.layer.3.downsampling_layer,19,-0.10071887820959091,0.029177350923419,0.02435755915939808,0.000509396952111274,0.05475287139415741,0.44486358761787415,3
6,model.mobilevit.encoder.layer.3.downsampling_layer,20,-0.27846458554267883,2.845015525817871,0.24216362833976746,0.012248941697180271,0.05475287139415741,4.422848224639893,58
6,model.mobilevit.encoder.layer.3.downsampling_layer,21,-0.27846455574035645,1.2272647619247437,0.1526525616645813,0.0059048207476735115,0.05475287139415741,2.7880284786224365,28
6,model.mobilevit.encoder.layer.3.downsampling_layer,22,-0.27846455574035645,3.336810827255249,0.22759371995925903,0.014177550561726093,0.05475287139415741,4.156744956970215,67
6,model.mobilevit.encoder.layer.3.downsampling_layer,23,-0.2132093906402588,0.38121336698532104,0.07051382213830948,0.0023310696706175804,0.05475287139415741,1.287856101989746,11
6,model.mobilevit.encoder.layer.3.downsampling_layer,24,-0.27846455574035645,13.683517456054688,1.6280626058578491,0.05475287139415741,0.05475287139415741,29.734743118286133,255
6,model.mobilevit.encoder.layer.3.downsampling_layer,25,-0.27846455574035645,7.0523152351379395,0.3828233778476715,0.028748156502842903,0.05475287139415741,6.9918413162231445,134
6,model.mobilevit.encoder.layer.3.downsampling_layer,26,-0.27846455574035645,3.11910080909729,0.2521364390850067,0.013323785737156868,0.05475287139415741,4.604990482330322,63
6,model.mobilevit.encoder.layer.3.downsampling_layer,27,-0.27846458554267883,2.734402894973755,0.2524130046367645,0.011815166100859642,0.05475287139415741,4.610041618347168,56
6,model.mobilevit.encoder.layer.3.downsampling_layer,28,-0.27846455574035645,0.67107754945755,0.18393388390541077,0.0037236944772303104,0.05475287139415741,3.359346866607666,18
6,model.mobilevit.encoder.layer.3.downsampling_layer,29,-0.27846458554267883,2.9723005294799805,0.24000447988510132,0.012748098000884056,0.05475287139415741,4.383413791656494,60
6,model.mobilevit.encoder.layer.3.downsampling_layer,30,-0.27846458554267883,2.026170492172241,0.23987168073654175,0.009037784300744534,0.05475287139415741,4.380988121032715,43
6,model.mobilevit.encoder.layer.3.downsampling_layer,31,-0.27846455574035645,1.541580319404602,0.19973906874656677,0.00713743083178997,0.05475287139415741,3.648010730743408,34
6,model.mobilevit.encoder.layer.3.downsampling_layer,32,-0.27846458554267883,5.312810897827148,0.2969481647014618,0.021926570683717728,0.05475287139415741,5.423426151275635,103
6,model.mobilevit.encoder.layer.3.downsampling_layer,33,-0.27846455574035645,5.78733491897583,0.4739294648170471,0.023787450045347214,0.05475287139415741,8.655792236328125,111
6,model.mobilevit.encoder.layer.3.downsampling_layer,34,-0.17447449266910553,0.36894792318344116,0.05539461225271225,0.0021310681477189064,0.05475287139415741,1.0117206573486328,10
6,model.mobilevit.encoder.layer.3.downsampling_layer,35,-0.27846458554267883,1.0978914499282837,0.2523755133152008,0.005397474393248558,0.05475287139415741,4.609356880187988,26
6,model.mobilevit.encoder.layer.3.downsampling_layer,36,-0.27846452593803406,2.4565165042877197,0.19186127185821533,0.010725416243076324,0.05475287139415741,3.50413179397583,50
6,model.mobilevit.encoder.layer.3.downsampling_layer,37,-0.13828399777412415,0.12306471914052963,0.020358340814709663,0.001024896977469325,0.05475287139415741,0.371822327375412,5
6,model.mobilevit.encoder.layer.3.downsampling_layer,38,-0.27846458554267883,2.8979504108428955,0.24645265936851501,0.012456528842449188,0.05475287139415741,4.501182556152344,59
6,model.mobilevit.encoder.layer.3.downsampling_layer,39,-0.27846455574035645,2.8333311080932617,0.25553369522094727,0.01220312062650919,0.05475287139415741,4.667037487030029,57
6,model.mobilevit.encoder.layer.3.downsampling_layer,40,-0.27846458554267883,4.191863059997559,0.2628428637981415,0.01753069832921028,0.05475287139415741,4.800530910491943,82
6,model.mobilevit.encoder.layer.3.downsampling_layer,41,-0.2773438096046448,2.0906169414520264,0.4535893499851227,0.009286120533943176,0.05475287139415741,8.284302711486816,44
6,model.mobilevit.encoder.layer.3.downsampling_layer,42,-0.258293479681015,1.7826340198516846,0.11047650873661041,0.008003637194633484,0.05475287139415741,2.0177299976348877,38
6,model.mobilevit.encoder.layer.3.downsampling_layer,43,-0.27846458554267883,0.8975369334220886,0.23130172491073608,0.004611770622432232,0.05475287139415741,4.2244672775268555,22
6,model.mobilevit.encoder.layer.3.downsampling_layer,44,-0.24981240928173065,0.4229011833667755,0.06504864245653152,0.0026380924973636866,0.05475287139415741,1.1880407333374023,13
6,model.mobilevit.encoder.layer.3.downsampling_layer,45,-0.27846455574035645,3.458986282348633,0.2467770129442215,0.0146566703915596,0.05475287139415741,4.507106304168701,69
6,model.mobilevit.encoder.layer.3.downsampling_layer,46,-0.27846458554267883,2.4126040935516357,0.23243680596351624,0.01055321004241705,0.05475287139415741,4.2451982498168945,50
6,model.mobilevit.encoder.layer.3.downsampling_layer,47,-0.27846455574035645,3.189696788787842,0.25649765133857727,0.013600632548332214,0.05475287139415741,4.684642791748047,64
6,model.mobilevit.encoder.layer.3.downsampling_layer,48,-0.07734231650829315,0.14551250636577606,0.033845338970422745,0.0008739404729567468,0.05475287139415741,0.6181473135948181,5
6,model.mobilevit.encoder.layer.3.downsampling_layer,49,-0.06612943112850189,0.44858646392822266,0.13643158972263336,0.0020184938330203295,0.05475287139415741,2.4917705059051514,10
6,model.mobilevit.encoder.layer.3.downsampling_layer,50,-0.27846455574035645,3.2920193672180176,0.5668413639068604,0.014001897536218166,0.05475287139415741,10.352724075317383,66
6,model.mobilevit.encoder.layer.3.downsampling_layer,51,-0.27846458554267883,4.8666582107543945,0.46683889627456665,0.020176952704787254,0.05475287139415741,8.526290893554688,94
6,model.mobilevit.encoder.layer.3.downsampling_layer,52,-0.23669609427452087,1.938895583152771,0.18540503084659576,0.008531732484698296,0.05475287139415741,3.3862156867980957,40
6,model.mobilevit.encoder.layer.3.downsampling_layer,53,-0.27846455574035645,2.428162097930908,0.23287734389305115,0.010614221915602684,0.05475287139415741,4.253244400024414,50
6,model.mobilevit.encoder.layer.3.downsampling_layer,54,-0.27846458554267883,13.079813957214355,0.8355870246887207,0.05238540470600128,0.05475287139415741,15.261062622070312,244
6,model.mobilevit.encoder.layer.3.downsampling_layer,55,-0.21212518215179443,0.2630833387374878,0.04376855492591858,0.0018635628512129188,0.05475287139415741,0.7993837594985962,9
6,model.mobilevit.encoder.layer.3.downsampling_layer,56,-0.27846455574035645,4.43186092376709,0.2764298915863037,0.018471863120794296,0.05475287139415741,5.048683166503906,87
6,model.mobilevit.encoder.layer.3.downsampling_layer,57,-0.27846455574035645,1.7132889032363892,0.19724999368190765,0.00781079800799489,0.05475287139415741,3.602550745010376,37
6,model.mobilevit.encoder.layer.3.downsampling_layer,58,-0.17891739308834076,0.2735012471675873,0.06886179000139236,0.001774190692231059,0.05475287139415741,1.2576836347579956,9
6,model.mobilevit.encoder.layer.3.downsampling_layer,59,-0.27846458554267883,2.7125351428985596,0.2470182478427887,0.011729410849511623,0.05475287139415741,4.511512279510498,55
6,model.mobilevit.encoder.layer.3.downsampling_layer,60,-0.27846458554267883,3.0158464908599854,0.251665323972702,0.0129188671708107,0.05475287139415741,4.596385955810547,61
6,model.mobilevit.encoder.layer.3.downsampling_layer,61,-0.2695108950138092,0.29645174741744995,0.08497275412082672,0.0022194613702595234,0.05475287139415741,1.5519323348999023,11
6,model.mobilevit.encoder.layer.3.downsampling_layer,62,-0.2784635126590729,1.4855693578720093,0.14966672658920288,0.006917776074260473,0.05475287139415741,2.7334954738616943,33
6,model.mobilevit.encoder.layer.3.downsampling_layer,63,-0.27846455574035645,7.672671794891357,0.2859008014202118,0.03118092752993107,0.05475287139415741,5.221658706665039,146
6,model.mobilevit.encoder.layer.3.downsampling_layer,64,-0.27846455574035645,2.815971612930298,0.23344966769218445,0.012135043740272522,0.05475287139415741,4.263697147369385,57
6,model.mobilevit.encoder.layer.3.downsampling_layer,65,-0.27846455574035645,3.8453311920166016,0.2648940682411194,0.01617174781858921,0.05475287139415741,4.83799409866333,76
6,model.mobilevit.encoder.layer.3.downsampling_layer,66,-0.18086521327495575,1.002945899963379,0.1911626011133194,0.004642396233975887,0.05475287139415741,3.4913711547851562,22
6,model.mobilevit.encoder.layer.3.downsampling_layer,67,-0.27846455574035645,2.2115020751953125,0.22756420075893402,0.009764575399458408,0.05475287139415741,4.156205654144287,46
6,model.mobilevit.encoder.layer.3.downsampling_layer,68,-0.27846455574035645,3.396683931350708,0.24220673739910126,0.014412347227334976,0.05475287139415741,4.423635482788086,68
6,model.mobilevit.encoder.layer.3.downsampling_layer,69,-0.27846455574035645,3.0415151119232178,0.29582351446151733,0.013019528239965439,0.05475287139415741,5.402885913848877,61
6,model.mobilevit.encoder.layer.3.downsampling_layer,70,-0.27846458554267883,3.874427080154419,0.48694777488708496,0.0162858497351408,0.05475287139415741,8.893556594848633,76
6,model.mobilevit.encoder.layer.3.downsampling_layer,71,-0.27846455574035645,4.258777141571045,0.24365872144699097,0.01779310591518879,0.05475287139415741,4.4501543045043945,83
6,model.mobilevit.encoder.layer.3.downsampling_layer,72,-0.27846458554267883,2.373234510421753,0.21514135599136353,0.010398820042610168,0.05475287139415741,3.929316520690918,49
6,model.mobilevit.encoder.layer.3.downsampling_layer,73,-0.27846455574035645,2.081308364868164,0.22850646078586578,0.009254011325538158,0.05475287139415741,4.173415184020996,44
6,model.mobilevit.encoder.layer.3.downsampling_layer,74,-0.27846455574035645,1.6630022525787354,0.22427627444267273,0.007613595109432936,0.05475287139415741,4.096155643463135,36
6,model.mobilevit.encoder.layer.3.downsampling_layer,75,-0.27846458554267883,3.075298547744751,0.2467428296804428,0.013152012601494789,0.05475287139415741,4.506482124328613,62
6,model.mobilevit.encoder.layer.3.downsampling_layer,76,-0.27846455574035645,4.190598011016846,0.34301304817199707,0.01752573624253273,0.05475287139415741,6.264750003814697,82
6,model.mobilevit.encoder.layer.3.downsampling_layer,77,-0.20741958916187286,0.8969172835350037,0.08343855291604996,0.004330732859671116,0.05475287139415741,1.523911952972412,21
6,model.mobilevit.encoder.layer.3.downsampling_layer,78,-0.27846455574035645,3.2242724895477295,0.2373746633529663,0.013736223801970482,0.05475287139415741,4.33538293838501,64
6,model.mobilevit.encoder.layer.3.downsampling_layer,79,-0.1873750239610672,1.9570698738098145,0.35290008783340454,0.008409587666392326,0.05475287139415741,6.44532585144043,40
6,model.mobilevit.encoder.layer.3.downsampling_layer,80,-0.27846458554267883,4.685332775115967,0.2570587694644928,0.019465873017907143,0.05475287139415741,4.694890975952148,91
6,model.mobilevit.encoder.layer.3.downsampling_layer,81,-0.27846455574035645,2.768730878829956,0.256853848695755,0.011949785985052586,0.05475287139415741,4.691148281097412,56
6,model.mobilevit.encoder.layer.3.downsampling_layer,82,-0.060638587921857834,0.21007031202316284,0.02024940773844719,0.0010616035433486104,0.05475287139415741,0.3698328137397766,5
6,model.mobilevit.encoder.layer.3.downsampling_layer,83,-0.27846455574035645,6.366225719451904,0.4045548439025879,0.026057610288262367,0.05475287139415741,7.388741970062256,122
6,model.mobilevit.encoder.layer.3.downsampling_layer,84,-0.27846455574035645,3.484665632247925,0.2385069578886032,0.014757373370230198,0.05475287139415741,4.356062889099121,69
6,model.mobilevit.encoder.layer.3.downsampling_layer,85,-0.1682734340429306,0.304361492395401,0.04156350716948509,0.0018534702248871326,0.05475287139415741,0.7591109871864319,9
6,model.mobilevit.encoder.layer.3.downsampling_layer,86,-0.27846455574035645,1.6086851358413696,0.22851428389549255,0.007400587201118469,0.05475287139415741,4.173557758331299,35
6,model.mobilevit.encoder.layer.3.downsampling_layer,87,-0.27846455574035645,4.419229984283447,0.4324328601360321,0.018422331660985947,0.05475287139415741,7.897902965545654,86
6,model.mobilevit.encoder.layer.3.downsampling_layer,88,-0.27846455574035645,3.4419784545898438,0.2974768280982971,0.014589972794055939,0.05475287139415741,5.43308162689209,68
6,model.mobilevit.encoder.layer.3.downsampling_layer,89,-0.27846458554267883,3.063472032546997,0.2549356520175934,0.013105633668601513,0.05475287139415741,4.65611457824707,62
6,model.mobilevit.encoder.layer.3.downsampling_layer,90,-0.2568780779838562,0.3000386357307434,0.17379389703273773,0.002183987060561776,0.05475287139415741,3.1741511821746826,11
6,model.mobilevit.encoder.layer.3.downsampling_layer,91,-0.15091381967067719,0.18025095760822296,0.03433047607541084,0.001298685441724956,0.05475287139415741,0.627007782459259,7
6,model.mobilevit.encoder.layer.3.downsampling_layer,92,-0.27846458554267883,3.789489269256592,0.3120606541633606,0.015952760353684425,0.05475287139415741,5.69943904876709,75
6,model.mobilevit.encoder.layer.3.downsampling_layer,93,-0.27846458554267883,3.569608211517334,0.25655806064605713,0.015090481378138065,0.05475287139415741,4.685746192932129,71
6,model.mobilevit.encoder.layer.3.downsampling_layer,94,-0.2784453332424164,1.6682407855987549,0.15942731499671936,0.007634063251316547,0.05475287139415741,2.91176176071167,36
6,model.mobilevit.encoder.layer.3.downsampling_layer,95,-0.27846458554267883,1.9223891496658325,0.20686234533786774,0.008630799129605293,0.05475287139415741,3.778109550476074,41
7,model.mobilevit.encoder.layer.4.downsampling_layer,0,-0.27846455574035645,1.1040300130844116,0.2571507394313812,0.005421547219157219,0.06385926157236099,4.0268354415893555,22
7,model.mobilevit.encoder.layer.4.downsampling_layer,1,-0.27846458554267883,4.0031208992004395,0.2649386525154114,0.01679053157567978,0.06385926157236099,4.148789882659912,68
7,model.mobilevit.encoder.layer.4.downsampling_layer,2,-0.27846455574035645,3.5431087017059326,0.25654149055480957,0.014986561611294746,0.06385926157236099,4.017294883728027,60
7,model.mobilevit.encoder.layer.4.downsampling_layer,3,-0.27846452593803406,3.664621114730835,0.2857207953929901,0.015463081188499928,0.06385926157236099,4.474226474761963,62
7,model.mobilevit.encoder.layer.4.downsampling_layer,4,-0.14244967699050903,0.1370459944009781,0.030052034184336662,0.0010960614308714867,0.06385926157236099,0.47059789299964905,5
7,model.mobilevit.encoder.layer.4.downsampling_layer,5,-0.27846455574035645,3.738680839538574,0.2570420801639557,0.01575351133942604,0.06385926157236099,4.025134086608887,63
7,model.mobilevit.encoder.layer.4.downsampling_layer,6,-0.27846455574035645,3.2986512184143066,0.26830798387527466,0.014027904719114304,0.06385926157236099,4.20155143737793,57
7,model.mobilevit.encoder.layer.4.downsampling_layer,7,-0.27846458554267883,4.696114540100098,0.30030906200408936,0.019508155062794685,0.06385926157236099,4.702670574188232,78
7,model.mobilevit.encoder.layer.4.downsampling_layer,8,-0.27846455574035645,1.9661539793014526,0.25252971053123474,0.008802425116300583,0.06385926157236099,3.954472780227661,36
7,model.mobilevit.encoder.layer.4.downsampling_layer,9,-0.05509393289685249,0.07477330416440964,0.02670338563621044,0.00050928327254951,0.06385926157236099,0.41815996170043945,3
7,model.mobilevit.encoder.layer.4.downsampling_layer,10,-0.27846455574035645,2.9086990356445312,0.2477537840604782,0.012498680502176285,0.06385926157236099,3.8796844482421875,50
7,model.mobilevit.encoder.layer.4.downsampling_layer,11,-0.27846455574035645,15.08183479309082,0.5457268357276917,0.06023646891117096,0.06385926157236099,8.545774459838867,241
7,model.mobilevit.encoder.layer.4.downsampling_layer,12,-0.27846404910087585,0.5029123425483704,0.1411994844675064,0.003064221004024148,0.06385926157236099,2.211104154586792,13
7,model.mobilevit.encoder.layer.4.downsampling_layer,13,-0.27846455574035645,1.783441185951233,0.2377714067697525,0.008085905574262142,0.06385926157236099,3.7233660221099854,33
7,model.mobilevit.encoder.layer.4.downsampling_layer,14,-0.27846455574035645,2.55043625831604,0.24062874913215637,0.011093728244304657,0.06385926157236099,3.768110513687134,45
7,model.mobilevit.encoder.layer.4.downsampling_layer,15,-0.27846455574035645,2.552927017211914,0.24654683470726013,0.011103495955467224,0.06385926157236099,3.8607842922210693,45
7,model.mobilevit.encoder.layer.4.downsampling_layer,16,-0.27846458554267883,2.227482795715332,0.23043692111968994,0.009827244095504284,0.06385926157236099,3.6085121631622314,40
7,model.mobilevit.encoder.layer.4.downsampling_layer,17,-0.27846455574035645,5.076262950897217,0.3627970814704895,0.020998932421207428,0.06385926157236099,5.681197643280029,84
7,model.mobilevit.encoder.layer.4.downsampling_layer,18,-0.11799792945384979,0.09936372935771942,0.01691504195332527,0.0008523986907675862,0.06385926157236099,0.2648800015449524,4
7,model.mobilevit.encoder.layer.4.downsampling_layer,19,-0.27846455574035645,4.067169666290283,0.2762306332588196,0.017041703686118126,0.06385926157236099,4.325615882873535,69
7,model.mobilevit.encoder.layer.4.downsampling_layer,20,-0.27846455574035645,2.7666189670562744,0.23838841915130615,0.01194150373339653,0.06385926157236099,3.7330281734466553,48
7,model.mobilevit.encoder.layer.4.downsampling_layer,21,-0.27846455574035645,1.9107072353363037,0.2481842041015625,0.008584987372159958,0.06385926157236099,3.8864245414733887,35
7,model.mobilevit.encoder.layer.4.downsampling_layer,22,-0.05282372236251831,0.07654710859060287,0.02220812812447548,0.0005073366337455809,0.06385926157236099,0.3477667570114136,3
7,model.mobilevit.encoder.layer.4.downsampling_layer,23,-0.27846455574035645,4.130992412567139,0.2631757855415344,0.01729198917746544,0.06385926157236099,4.121184349060059,70
7,model.mobilevit.encoder.layer.4.downsampling_layer,24,-0.27846455574035645,2.4484000205993652,0.24333730340003967,0.010693586431443691,0.06385926157236099,3.8105249404907227,43
7,model.mobilevit.encoder.layer.4.downsampling_layer,25,-0.27846455574035645,3.787790298461914,0.26640942692756653,0.015946095809340477,0.06385926157236099,4.171821117401123,64
7,model.mobilevit.encoder.layer.4.downsampling_layer,26,-0.27846458554267883,3.4321532249450684,0.2548108696937561,0.014551442116498947,0.06385926157236099,3.990194320678711,59
7,model.mobilevit.encoder.layer.4.downsampling_layer,27,-0.27846455574035645,2.4375627040863037,0.24850274622440338,0.010651087388396263,0.06385926157236099,3.8914127349853516,43
7,model.mobilevit.encoder.layer.4.downsampling_layer,28,-0.0468253418803215,0.07817452400922775,0.025375042110681534,0.0004901955253444612,0.06385926157236099,0.39735883474349976,2
7,model.mobilevit.encoder.layer.4.downsampling_layer,29,-0.27846455574035645,2.7719838619232178,0.25763145089149475,0.011962543241679668,0.06385926157236099,4.034363269805908,48
7,model.mobilevit.encoder.layer.4.downsampling_layer,30,-0.27846455574035645,2.4170947074890137,0.24755744636058807,0.010570820420980453,0.06385926157236099,3.8766098022460938,43
7,model.mobilevit.encoder.layer.4.downsampling_layer,31,-0.27846455574035645,3.797883987426758,0.2671181559562683,0.015985678881406784,0.06385926157236099,4.182919502258301,64
7,model.mobilevit.encoder.layer.4.downsampling_layer,32,-0.27846458554267883,2.0268828868865967,0.2580782175064087,0.00904057826846838,0.06385926157236099,4.0413594245910645,37
7,model.mobilevit.encoder.layer.4.downsampling_layer,33,-0.27846455574035645,2.413628578186035,0.23229622840881348,0.01055722776800394,0.06385926157236099,3.6376278400421143,43
7,model.mobilevit.encoder.layer.4.downsampling_layer,34,-0.27846455574035645,3.4070425033569336,0.25937420129776,0.01445296872407198,0.06385926157236099,4.0616536140441895,58
7,model.mobilevit.encoder.layer.4.downsampling_layer,35,-0.27846455574035645,1.949458122253418,0.16749662160873413,0.008736951276659966,0.06385926157236099,2.6229026317596436,35
7,model.mobilevit.encoder.layer.4.downsampling_layer,36,-0.10321401059627533,0.12286920100450516,0.014477516524493694,0.0008866008720360696,0.06385926157236099,0.2267097383737564,4
7,model.mobilevit.encoder.layer.4.downsampling_layer,37,-0.27846458554267883,4.025335311889648,0.26977893710136414,0.01687764748930931,0.06385926157236099,4.224586009979248,68
7,model.mobilevit.encoder.layer.4.downsampling_layer,38,-0.14924970269203186,1.084126353263855,0.22756284475326538,0.004836768843233585,0.06385926157236099,3.5635056495666504,20
7,model.mobilevit.encoder.layer.4.downsampling_layer,39,-0.27846455574035645,2.5551114082336426,0.27519965171813965,0.011112062260508537,0.06385926157236099,4.309471130371094,45
7,model.mobilevit.encoder.layer.4.downsampling_layer,40,-0.08881872892379761,0.16171817481517792,0.03268302604556084,0.0009824977023527026,0.06385926157236099,0.5117977261543274,4
7,model.mobilevit.encoder.layer.4.downsampling_layer,41,-0.27846455574035645,4.2747111320495605,0.26577144861221313,0.01785559207201004,0.06385926157236099,4.161830902099609,72
7,model.mobilevit.encoder.layer.4.downsampling_layer,42,-0.27846458554267883,2.0566885471343994,0.23539650440216064,0.009157462976872921,0.06385926157236099,3.6861765384674072,37
7,model.mobilevit.encoder.layer.4.downsampling_layer,43,-0.27846455574035645,2.984015703201294,0.25699383020401,0.012794040143489838,0.06385926157236099,4.024378299713135,52
7,model.mobilevit.encoder.layer.4.downsampling_layer,44,-0.27846455574035645,8.398101806640625,0.4680694341659546,0.03402575105428696,0.06385926157236099,7.329703330993652,136
7,model.mobilevit.encoder.layer.4.downsampling_layer,45,-0.27846455574035645,1.2776542901992798,0.224875345826149,0.0061024269089102745,0.06385926157236099,3.521420955657959,25
7,model.mobilevit.encoder.layer.4.downsampling_layer,46,-0.27846455574035645,2.1991348266601562,0.23976069688796997,0.009716075845062733,0.06385926157236099,3.7545173168182373,39
7,model.mobilevit.encoder.layer.4.downsampling_layer,47,-0.27846455574035645,3.4227941036224365,0.27018508315086365,0.014514739625155926,0.06385926157236099,4.230946063995361,58
7,model.mobilevit.encoder.layer.4.downsampling_layer,48,-0.27846455574035645,4.515350341796875,0.34138983488082886,0.018799273297190666,0.06385926157236099,5.345972061157227,76
7,model.mobilevit.encoder.layer.4.downsampling_layer,49,-0.27846455574035645,4.151442050933838,0.2539370656013489,0.01737218350172043,0.06385926157236099,3.976511240005493,70
7,model.mobilevit.encoder.layer.4.downsampling_layer,50,-0.27846455574035645,5.407055377960205,0.26492249965667725,0.022296156734228134,0.06385926157236099,4.148536682128906,90
7,model.mobilevit.encoder.layer.4.downsampling_layer,51,-0.2784636914730072,0.6199910640716553,0.16479404270648956,0.003523352090269327,0.06385926157236099,2.5805816650390625,15
7,model.mobilevit.encoder.layer.4.downsampling_layer,52,-0.27846458554267883,6.463801860809326,1.0811378955841064,0.02644026093184948,0.06385926157236099,16.930009841918945,106
7,model.mobilevit.encoder.layer.4.downsampling_layer,53,-0.12441053241491318,0.11693631112575531,0.017434006556868553,0.0009464581962674856,0.06385926157236099,0.27300670742988586,4
7,model.mobilevit.encoder.layer.4.downsampling_layer,54,-0.27846458554267883,1.992717981338501,0.24490801990032196,0.008906598202884197,0.06385926157236099,3.8351213932037354,36
7,model.mobilevit.encoder.layer.4.downsampling_layer,55,-0.27846458554267883,2.8163304328918457,0.2575038969516754,0.012136450968682766,0.06385926157236099,4.032365798950195,49
7,model.mobilevit.encoder.layer.4.downsampling_layer,56,0.163997083902359,0.7254660725593567,0.3334988057613373,0.002201839117333293,0.06385926157236099,5.222403049468994,9
7,model.mobilevit.encoder.layer.4.downsampling_layer,57,-0.27846455574035645,1.9074749946594238,0.24545912444591522,0.008572312071919441,0.06385926157236099,3.8437514305114746,35
7,model.mobilevit.encoder.layer.4.downsampling_layer,58,-0.27846455574035645,3.133415699005127,0.2784285843372345,0.01337992213666439,0.06385926157236099,4.360034465789795,54
7,model.mobilevit.encoder.layer.4.downsampling_layer,59,-0.27846455574035645,2.8144333362579346,0.23638445138931274,0.012129011563956738,0.06385926157236099,3.7016470432281494,49
7,model.mobilevit.encoder.layer.4.downsampling_layer,60,-0.27846458554267883,2.680283784866333,0.25301626324653625,0.011602934449911118,0.06385926157236099,3.9620919227600098,47
7,model.mobilevit.encoder.layer.4.downsampling_layer,61,-0.27846455574035645,6.39816427230835,0.6623027324676514,0.026182858273386955,0.06385926157236099,10.37128734588623,105
7,model.mobilevit.encoder.layer.4.downsampling_layer,62,-0.27846455574035645,16.005645751953125,0.6264049410820007,0.06385926157236099,0.06385926157236099,9.809147834777832,255
7,model.mobilevit.encoder.layer.4.downsampling_layer,63,-0.06728235632181168,0.08956986665725708,0.012865152209997177,0.0006151067209430039,0.06385926157236099,0.20146101713180542,3
7,model.mobilevit.encoder.layer.4.downsampling_layer,64,-0.06819900870323181,0.07410699129104614,0.009569274261593819,0.0005580627475865185,0.06385926157236099,0.14984942972660065,3
7,model.mobilevit.encoder.layer.4.downsampling_layer,65,-0.27846455574035645,2.591514825820923,0.24003875255584717,0.011254820972681046,0.06385926157236099,3.75887131690979,45
7,model.mobilevit.encoder.layer.4.downsampling_layer,66,-0.024542011320590973,0.03825303912162781,0.009738381020724773,0.0002462551055941731,0.06385926157236099,0.1524975448846817,1
7,model.mobilevit.encoder.layer.4.downsampling_layer,67,-0.27846455574035645,1.8330647945404053,0.22836032509803772,0.008280507288873196,0.06385926157236099,3.575993776321411,34
7,model.mobilevit.encoder.layer.4.downsampling_layer,68,-0.04113365709781647,0.07369449734687805,0.01097426563501358,0.0004503064847085625,0.06385926157236099,0.1718508005142212,2
7,model.mobilevit.encoder.layer.4.downsampling_layer,69,-0.27846455574035645,1.8153496980667114,0.23654058575630188,0.008211037144064903,0.06385926157236099,3.704092025756836,33
7,model.mobilevit.encoder.layer.4.downsampling_layer,70,-0.27846455574035645,2.319366693496704,0.24355541169643402,0.010187573730945587,0.06385926157236099,3.8139402866363525,41
7,model.mobilevit.encoder.layer.4.downsampling_layer,71,-0.27846455574035645,2.4894561767578125,0.2453145980834961,0.010854590684175491,0.06385926157236099,3.8414881229400635,44
7,model.mobilevit.encoder.layer.4.downsampling_layer,72,-0.27846455574035645,2.3795409202575684,0.2527444362640381,0.010423551313579082,0.06385926157236099,3.9578351974487305,42
7,model.mobilevit.encoder.layer.4.downsampling_layer,73,-0.03578612208366394,-0.002388114109635353,0.012856581248342991,0.0001309725921601057,0.06385926157236099,0.20132680237293243,1
7,model.mobilevit.encoder.layer.4.downsampling_layer,74,-0.27846455574035645,3.256743907928467,0.25288504362106323,0.013863562606275082,0.06385926157236099,3.9600369930267334,56
7,model.mobilevit.encoder.layer.4.downsampling_layer,75,-0.05565362423658371,0.04120264947414398,0.008599157445132732,0.00037982853245921433,0.06385926157236099,0.13465794920921326,2
7,model.mobilevit.encoder.layer.4.downsampling_layer,76,-0.0390913262963295,0.04589958116412163,0.01800290308892727,0.0003332976484671235,0.06385926157236099,0.2819153070449829,2
7,model.mobilevit.encoder.layer.4.downsampling_layer,77,-0.27846455574035645,3.1702523231506348,0.24009017646312714,0.013524379581212997,0.06385926157236099,3.759676694869995,55
7,model.mobilevit.encoder.layer.4.downsampling_layer,78,-0.0439857617020607,0.06721613556146622,0.007310972549021244,0.00043608585838228464,0.06385926157236099,0.11448570340871811,2
7,model.mobilevit.encoder.layer.4.downsampling_layer,79,-0.21038423478603363,0.49396568536758423,0.06099962443113327,0.0027621565386652946,0.06385926157236099,0.9552196860313416,12
7,model.mobilevit.encoder.layer.4.downsampling_layer,80,-0.27846455574035645,4.085041522979736,0.5283697247505188,0.01711178943514824,0.06385926157236099,8.273971557617188,69
7,model.mobilevit.encoder.layer.4.downsampling_layer,81,-0.27846455574035645,4.418608665466309,0.27297672629356384,0.018419893458485603,0.06385926157236099,4.274661540985107,74
7,model.mobilevit.encoder.layer.4.downsampling_layer,82,-0.27846455574035645,4.3096137046813965,0.25310713052749634,0.01799246482551098,0.06385926157236099,3.963514804840088,72
7,model.mobilevit.encoder.layer.4.downsampling_layer,83,-0.27846455574035645,3.906989097595215,0.23849119246006012,0.01641354337334633,0.06385926157236099,3.734637498855591,66
7,model.mobilevit.encoder.layer.4.downsampling_layer,84,-0.27846455574035645,2.2349753379821777,0.22787444293498993,0.009856627322733402,0.06385926157236099,3.568385124206543,40
7,model.mobilevit.encoder.layer.4.downsampling_layer,85,-0.27846458554267883,3.039573907852173,0.26653850078582764,0.013011915609240532,0.06385926157236099,4.173842430114746,52
7,model.mobilevit.encoder.layer.4.downsampling_layer,86,-0.27846458554267883,3.8131604194641113,0.2738792896270752,0.01604558899998665,0.06385926157236099,4.288794994354248,65
7,model.mobilevit.encoder.layer.4.downsampling_layer,87,-0.27846455574035645,4.576906681060791,0.2598830759525299,0.019040672108530998,0.06385926157236099,4.06962251663208,77
7,model.mobilevit.encoder.layer.4.downsampling_layer,88,-0.27846458554267883,2.5709452629089355,0.2583441734313965,0.011174156330525875,0.06385926157236099,4.0455241203308105,45
7,model.mobilevit.encoder.layer.4.downsampling_layer,89,-0.27846455574035645,2.357891082763672,0.21352025866508484,0.010338649153709412,0.06385926157236099,3.34360671043396,42
7,model.mobilevit.encoder.layer.4.downsampling_layer,90,-0.27846455574035645,3.0371925830841064,0.2587776184082031,0.013002577237784863,0.06385926157236099,4.052311420440674,52
7,model.mobilevit.encoder.layer.4.downsampling_layer,91,-0.27846455574035645,1.9824528694152832,0.23551853001117706,0.008866342715919018,0.06385926157236099,3.688087224960327,36
7,model.mobilevit.encoder.layer.4.downsampling_layer,92,-0.27846455574035645,2.469555377960205,0.2396736443042755,0.010776548646390438,0.06385926157236099,3.7531540393829346,44
7,model.mobilevit.encoder.layer.4.downsampling_layer,93,-0.27846455574035645,2.9792709350585938,0.25785771012306213,0.012775433249771595,0.06385926157236099,4.037906169891357,52
7,model.mobilevit.encoder.layer.4.downsampling_layer,94,-0.27846455574035645,2.442103385925293,0.24829481542110443,0.010668894276022911,0.06385926157236099,3.8881566524505615,43
7,model.mobilevit.encoder.layer.4.downsampling_layer,95,-0.27846455574035645,3.862731695175171,0.2823462188243866,0.016239985823631287,0.06385926157236099,4.421382427215576,65
7,model.mobilevit.encoder.layer.4.downsampling_layer,96,-0.27846458554267883,3.43027925491333,0.26516011357307434,0.014544093050062656,0.06385926157236099,4.152257919311523,59
7,model.mobilevit.encoder.layer.4.downsampling_layer,97,-0.27846455574035645,3.383164405822754,0.25733762979507446,0.014359328895807266,0.06385926157236099,4.029762268066406,58
7,model.mobilevit.encoder.layer.4.downsampling_layer,98,-0.27846455574035645,3.363337516784668,0.25757670402526855,0.014281576499342918,0.06385926157236099,4.033505916595459,58
7,model.mobilevit.encoder.layer.4.downsampling_layer,99,-0.09861268848180771,0.03819543123245239,0.03179726377129555,0.0005365024553611875,0.06385926157236099,0.4979272186756134,3
7,model.mobilevit.encoder.layer.4.downsampling_layer,100,-0.27846455574035645,5.522644519805908,0.4969014823436737,0.02274944819509983,0.06385926157236099,7.781196594238281,91
7,model.mobilevit.encoder.layer.4.downsampling_layer,101,-0.08121158927679062,0.06691499054431915,0.01581401936709881,0.0005808885325677693,0.06385926157236099,0.24763861298561096,3
7,model.mobilevit.encoder.layer.4.downsampling_layer,102,-0.27846458554267883,5.155125141143799,0.2867557406425476,0.02130819670855999,0.06385926157236099,4.490433216094971,86
7,model.mobilevit.encoder.layer.4.downsampling_layer,103,-0.27846455574035645,1.849899172782898,0.22443950176239014,0.008346524089574814,0.06385926157236099,3.5145959854125977,34
7,model.mobilevit.encoder.layer.4.downsampling_layer,104,-0.27846455574035645,2.5018210411071777,0.2494732141494751,0.01090308092534542,0.06385926157236099,3.9066097736358643,44
7,model.mobilevit.encoder.layer.4.downsampling_layer,105,-0.27846455574035645,2.765636920928955,0.24794384837150574,0.011937652714550495,0.06385926157236099,3.8826608657836914,48
7,model.mobilevit.encoder.layer.4.downsampling_layer,106,-0.0583847351372242,0.07158179581165314,0.021094899624586105,0.0005096726818010211,0.06385926157236099,0.33033421635627747,3
7,model.mobilevit.encoder.layer.4.downsampling_layer,107,-0.11777078360319138,0.10168954730033875,0.018437299877405167,0.0008606287883594632,0.06385926157236099,0.28871771693229675,4
7,model.mobilevit.encoder.layer.4.downsampling_layer,108,-0.27846455574035645,3.543200969696045,0.2534846067428589,0.014986923895776272,0.06385926157236099,3.969425916671753,60
7,model.mobilevit.encoder.layer.4.downsampling_layer,109,-0.030672743916511536,0.08178097754716873,0.022177012637257576,0.00044099497608840466,0.06385926157236099,0.34727948904037476,2
7,model.mobilevit.encoder.layer.4.downsampling_layer,110,-0.27846455574035645,2.6628212928771973,0.22511832416057587,0.011534454300999641,0.06385926157236099,3.525225877761841,47
7,model.mobilevit.encoder.layer.4.downsampling_layer,111,-0.27846455574035645,11.43547534942627,0.9698433876037598,0.04593701660633087,0.06385926157236099,15.187200546264648,184
7,model.mobilevit.encoder.layer.4.downsampling_layer,112,-0.27846455574035645,3.4278082847595215,0.2576012909412384,0.014534403569996357,0.06385926157236099,4.033890724182129,59
7,model.mobilevit.encoder.layer.4.downsampling_layer,113,-0.27846455574035645,4.235731601715088,0.2965244948863983,0.017702730372548103,0.06385926157236099,4.643406391143799,71
7,model.mobilevit.encoder.layer.4.downsampling_layer,114,-0.27846455574035645,5.00382137298584,0.28934019804000854,0.02071484550833702,0.06385926157236099,4.530904293060303,83
7,model.mobilevit.encoder.layer.4.downsampling_layer,115,-0.27846458554267883,2.9260005950927734,0.2643868029117584,0.012566530145704746,0.06385926157236099,4.140148162841797,51
7,model.mobilevit.encoder.layer.4.downsampling_layer,116,-0.27846455574035645,3.8262126445770264,0.27542972564697266,0.016096772626042366,0.06385926157236099,4.313074111938477,65
7,model.mobilevit.encoder.layer.4.downsampling_layer,117,-0.27846455574035645,3.3337695598602295,0.258096843957901,0.014165624044835567,0.06385926157236099,4.041650772094727,57
7,model.mobilevit.encoder.layer.4.downsampling_layer,118,-0.27846455574035645,3.913663387298584,0.2610667645931244,0.01643971912562847,0.06385926157236099,4.088158130645752,66
7,model.mobilevit.encoder.layer.4.downsampling_layer,119,-0.06824451684951782,0.06223394721746445,0.012642625719308853,0.0005116802640259266,0.06385926157236099,0.19797638058662415,3
7,model.mobilevit.encoder.layer.4.downsampling_layer,120,-0.27846455574035645,2.9556162357330322,0.2547226846218109,0.012682669796049595,0.06385926157236099,3.9888134002685547,51
7,model.mobilevit.encoder.layer.4.downsampling_layer,121,-0.27846458554267883,2.9080657958984375,0.24428941309452057,0.01249619759619236,0.06385926157236099,3.825434446334839,50
7,model.mobilevit.encoder.layer.4.downsampling_layer,122,-0.27846455574035645,2.0150346755981445,0.20890402793884277,0.008994114585220814,0.06385926157236099,3.2713191509246826,36
7,model.mobilevit.encoder.layer.4.downsampling_layer,123,-0.27846455574035645,2.8275809288024902,0.24781091511249542,0.012180570513010025,0.06385926157236099,3.8805789947509766,49
7,model.mobilevit.encoder.layer.4.downsampling_layer,124,-0.27846455574035645,6.89780330657959,0.4813498258590698,0.028142226859927177,0.06385926157236099,7.5376667976379395,113
7,model.mobilevit.encoder.layer.4.downsampling_layer,125,-0.27846425771713257,2.6972928047180176,0.18858489394187927,0.011669635772705078,0.06385926157236099,2.9531331062316895,47
7,model.mobilevit.encoder.layer.4.downsampling_layer,126,-0.27846455574035645,4.841405391693115,0.24126476049423218,0.020077921450138092,0.06385926157236099,3.7780699729919434,81
7,model.mobilevit.encoder.layer.4.downsampling_layer,127,-0.14749014377593994,0.666723370552063,0.08397036045789719,0.0031929942779242992,0.06385926157236099,1.314928412437439,13
