configuration,block,group,channel,estimated_effective_levels
Original,1,1,0,45
Original,1,1,1,3
Original,1,1,2,30
Original,1,1,3,6
Original,1,1,4,5
Original,1,1,5,4
Original,1,1,6,6
Original,1,1,7,2
Original,1,1,8,8
Original,1,1,9,5
Original,1,1,10,98
Original,1,1,11,6
Original,1,1,12,256
Original,1,1,13,7
Original,1,1,14,62
Original,1,1,15,88
Original,1,1,16,13
Original,1,1,17,2
Original,1,1,18,12
Original,1,1,19,17
Original,1,1,20,40
Original,1,1,21,4
Original,1,1,22,49
Original,1,1,23,71
Original,1,1,24,2
Original,1,1,25,8
Original,1,1,26,28
Original,1,1,27,66
Original,1,1,28,2
Original,1,1,29,124
Original,1,1,30,3
Original,1,1,31,1
Original,2,1,0,3
Original,2,1,1,31
Original,2,1,2,3
Original,2,1,3,8
Original,2,1,4,256
Original,2,1,5,3
Original,2,1,6,150
Original,2,1,7,12
Original,2,1,8,197
Original,2,1,9,1
Original,2,1,10,3
Original,2,1,11,1
Original,2,1,12,26
Original,2,1,13,3
Original,2,1,14,2
Original,2,1,15,17
Original,2,1,16,13
Original,2,1,17,4
Original,2,1,18,86
Original,2,1,19,210
Original,2,1,20,140
Original,2,1,21,185
Original,2,1,22,72
Original,2,1,23,50
Original,2,1,24,2
Original,2,1,25,2
Original,2,1,26,30
Original,2,1,27,4
Original,2,1,28,1
Original,2,1,29,1
Original,2,1,30,210
Original,2,1,31,3
Original,3,1,0,3
Original,3,1,1,146
Original,3,1,2,5
Original,3,1,3,177
Original,3,1,4,12
Original,3,1,5,7
Original,3,1,6,8
Original,3,1,7,9
Original,3,1,8,5
Original,3,1,9,3
Original,3,1,10,8
Original,3,1,11,66
Original,3,1,12,13
Original,3,1,13,12
Original,3,1,14,6
Original,3,1,15,2
Original,3,1,16,3
Original,3,1,17,4
Original,3,1,18,34
Original,3,1,19,3
Original,3,1,20,9
Original,3,1,21,256
Original,3,1,22,9
Original,3,1,23,3
Original,3,1,24,4
Original,3,1,25,2
Original,3,1,26,5
Original,3,1,27,6
Original,3,1,28,46
Original,3,1,29,7
Original,3,1,30,8
Original,3,1,31,8
Original,3,1,32,4
Original,3,1,33,2
Original,3,1,34,4
Original,3,1,35,2
Original,3,1,36,23
Original,3,1,37,3
Original,3,1,38,2
Original,3,1,39,3
Original,3,1,40,4
Original,3,1,41,6
Original,3,1,42,3
Original,3,1,43,7
Original,3,1,44,3
Original,3,1,45,10
Original,3,1,46,5
Original,3,1,47,6
Original,4,1,0,61
Original,4,1,1,4
Original,4,1,2,160
Original,4,1,3,19
Original,4,1,4,94
Original,4,1,5,62
Original,4,1,6,11
Original,4,1,7,28
Original,4,1,8,20
Original,4,1,9,35
Original,4,1,10,34
Original,4,1,11,61
Original,4,1,12,8
Original,4,1,13,3
Original,4,1,14,43
Original,4,1,15,19
Original,4,1,16,17
Original,4,1,17,80
Original,4,1,18,163
Original,4,1,19,106
Original,4,1,20,255
Original,4,1,21,11
Original,4,1,22,8
Original,4,1,23,28
Original,4,1,24,4
Original,4,1,25,41
Original,4,1,26,44
Original,4,1,27,9
Original,4,1,28,13
Original,4,1,29,18
Original,4,1,30,90
Original,4,1,31,120
Original,4,1,32,16
Original,4,1,33,150
Original,4,1,34,162
Original,4,1,35,30
Original,4,1,36,48
Original,4,1,37,80
Original,4,1,38,11
Original,4,1,39,48
Original,4,1,40,15
Original,4,1,41,43
Original,4,1,42,53
Original,4,1,43,40
Original,4,1,44,50
Original,4,1,45,64
Original,4,1,46,24
Original,4,1,47,12
Original,5,1,0,2
Original,5,1,1,46
Original,5,1,2,6
Original,5,1,3,2
Original,5,1,4,2
Original,5,1,5,2
Original,5,1,6,31
Original,5,1,7,3
Original,5,1,8,11
Original,5,1,9,2
Original,5,1,10,32
Original,5,1,11,1
Original,5,1,12,4
Original,5,1,13,1
Original,5,1,14,1
Original,5,1,15,9
Original,5,1,16,8
Original,5,1,17,4
Original,5,1,18,10
Original,5,1,19,45
Original,5,1,20,41
Original,5,1,21,5
Original,5,1,22,5
Original,5,1,23,39
Original,5,1,24,13
Original,5,1,25,2
Original,5,1,26,18
Original,5,1,27,19
Original,5,1,28,3
Original,5,1,29,41
Original,5,1,30,6
Original,5,1,31,17
Original,5,1,32,8
Original,5,1,33,11
Original,5,1,34,256
Original,5,1,35,1
Original,5,1,36,6
Original,5,1,37,26
Original,5,1,38,18
Original,5,1,39,40
Original,5,1,40,15
Original,5,1,41,2
Original,5,1,42,11
Original,5,1,43,49
Original,5,1,44,6
Original,5,1,45,25
Original,5,1,46,16
Original,5,1,47,5
Original,6,1,0,5
Original,6,1,1,8
Original,6,1,2,4
Original,6,1,3,24
Original,6,1,4,25
Original,6,1,5,24
Original,6,1,6,56
Original,6,1,7,104
Original,6,1,8,39
Original,6,1,9,48
Original,6,1,10,44
Original,6,1,11,50
Original,6,1,12,58
Original,6,1,13,69
Original,6,1,14,43
Original,6,1,15,11
Original,6,1,16,30
Original,6,1,17,5
Original,6,1,18,95
Original,6,1,19,3
Original,6,1,20,58
Original,6,1,21,28
Original,6,1,22,67
Original,6,1,23,11
Original,6,1,24,255
Original,6,1,25,134
Original,6,1,26,63
Original,6,1,27,56
Original,6,1,28,18
Original,6,1,29,60
Original,6,1,30,43
Original,6,1,31,34
Original,6,1,32,103
Original,6,1,33,111
Original,6,1,34,10
Original,6,1,35,26
Original,6,1,36,50
Original,6,1,37,5
Original,6,1,38,59
Original,6,1,39,57
Original,6,1,40,82
Original,6,1,41,44
Original,6,1,42,38
Original,6,1,43,22
Original,6,1,44,13
Original,6,1,45,69
Original,6,1,46,50
Original,6,1,47,64
Original,6,1,48,5
Original,6,1,49,10
Original,6,1,50,66
Original,6,1,51,94
Original,6,1,52,40
Original,6,1,53,50
Original,6,1,54,244
Original,6,1,55,9
Original,6,1,56,87
Original,6,1,57,37
Original,6,1,58,9
Original,6,1,59,55
Original,6,1,60,61
Original,6,1,61,11
Original,6,1,62,33
Original,6,1,63,146
Original,6,1,64,57
Original,6,1,65,76
Original,6,1,66,22
Original,6,1,67,46
Original,6,1,68,68
Original,6,1,69,61
Original,6,1,70,76
Original,6,1,71,83
Original,6,1,72,49
Original,6,1,73,44
Original,6,1,74,36
Original,6,1,75,62
Original,6,1,76,82
Original,6,1,77,21
Original,6,1,78,64
Original,6,1,79,40
Original,6,1,80,91
Original,6,1,81,56
Original,6,1,82,5
Original,6,1,83,122
Original,6,1,84,69
Original,6,1,85,9
Original,6,1,86,35
Original,6,1,87,86
Original,6,1,88,68
Original,6,1,89,62
Original,6,1,90,11
Original,6,1,91,7
Original,6,1,92,75
Original,6,1,93,71
Original,6,1,94,36
Original,6,1,95,41
Original,7,1,0,22
Original,7,1,1,68
Original,7,1,2,60
Original,7,1,3,62
Original,7,1,4,5
Original,7,1,5,63
Original,7,1,6,57
Original,7,1,7,78
Original,7,1,8,36
Original,7,1,9,3
Original,7,1,10,50
Original,7,1,11,241
Original,7,1,12,13
Original,7,1,13,33
Original,7,1,14,45
Original,7,1,15,45
Original,7,1,16,40
Original,7,1,17,84
Original,7,1,18,4
Original,7,1,19,69
Original,7,1,20,48
Original,7,1,21,35
Original,7,1,22,3
Original,7,1,23,70
Original,7,1,24,43
Original,7,1,25,64
Original,7,1,26,59
Original,7,1,27,43
Original,7,1,28,2
Original,7,1,29,48
Original,7,1,30,43
Original,7,1,31,64
Original,7,1,32,37
Original,7,1,33,43
Original,7,1,34,58
Original,7,1,35,35
Original,7,1,36,4
Original,7,1,37,68
Original,7,1,38,20
Original,7,1,39,45
Original,7,1,40,4
Original,7,1,41,72
Original,7,1,42,37
Original,7,1,43,52
Original,7,1,44,136
Original,7,1,45,25
Original,7,1,46,39
Original,7,1,47,58
Original,7,1,48,76
Original,7,1,49,70
Original,7,1,50,90
Original,7,1,51,15
Original,7,1,52,106
Original,7,1,53,4
Original,7,1,54,36
Original,7,1,55,49
Original,7,1,56,9
Original,7,1,57,35
Original,7,1,58,54
Original,7,1,59,49
Original,7,1,60,47
Original,7,1,61,105
Original,7,1,62,255
Original,7,1,63,3
Original,7,1,64,3
Original,7,1,65,45
Original,7,1,66,1
Original,7,1,67,34
Original,7,1,68,2
Original,7,1,69,33
Original,7,1,70,41
Original,7,1,71,44
Original,7,1,72,42
Original,7,1,73,1
Original,7,1,74,56
Original,7,1,75,2
Original,7,1,76,2
Original,7,1,77,55
Original,7,1,78,2
Original,7,1,79,12
Original,7,1,80,69
Original,7,1,81,74
Original,7,1,82,72
Original,7,1,83,66
Original,7,1,84,40
Original,7,1,85,52
Original,7,1,86,65
Original,7,1,87,77
Original,7,1,88,45
Original,7,1,89,42
Original,7,1,90,52
Original,7,1,91,36
Original,7,1,92,44
Original,7,1,93,52
Original,7,1,94,43
Original,7,1,95,65
Original,7,1,96,59
Original,7,1,97,58
Original,7,1,98,58
Original,7,1,99,3
Original,7,1,100,91
Original,7,1,101,3
Original,7,1,102,86
Original,7,1,103,34
Original,7,1,104,44
Original,7,1,105,48
Original,7,1,106,3
Original,7,1,107,4
Original,7,1,108,60
Original,7,1,109,2
Original,7,1,110,47
Original,7,1,111,184
Original,7,1,112,59
Original,7,1,113,71
Original,7,1,114,83
Original,7,1,115,51
Original,7,1,116,65
Original,7,1,117,57
Original,7,1,118,66
Original,7,1,119,3
Original,7,1,120,51
Original,7,1,121,50
Original,7,1,122,36
Original,7,1,123,49
Original,7,1,124,113
Original,7,1,125,47
Original,7,1,126,81
Original,7,1,127,13
g8_4_4,1,1,31,86
g8_4_4,1,1,7,112
g8_4_4,1,1,17,164
g8_4_4,1,1,24,197
g8_4_4,1,2,28,127
g8_4_4,1,2,30,147
g8_4_4,1,2,1,157
g8_4_4,1,2,21,255
g8_4_4,1,3,5,176
g8_4_4,1,3,9,189
g8_4_4,1,3,4,223
g8_4_4,1,3,3,254
g8_4_4,1,4,11,128
g8_4_4,1,4,6,136
g8_4_4,1,4,13,151
g8_4_4,1,4,8,172
g8_4_4,1,5,25,120
g8_4_4,1,5,18,171
g8_4_4,1,5,16,188
g8_4_4,1,5,19,255
g8_4_4,1,6,26,157
g8_4_4,1,6,2,172
g8_4_4,1,6,20,227
g8_4_4,1,6,0,256
g8_4_4,1,7,22,175
g8_4_4,1,7,14,223
g8_4_4,1,7,27,236
g8_4_4,1,7,23,255
g8_4_4,1,8,15,88
g8_4_4,1,8,10,98
g8_4_4,1,8,29,124
g8_4_4,1,8,12,256
g8_4_4,2,1,28,37
g8_4_4,2,1,9,73
g8_4_4,2,1,29,78
g8_4_4,2,1,11,123
g8_4_4,2,1,24,144
g8_4_4,2,1,14,159
g8_4_4,2,1,25,197
g8_4_4,2,1,0,255
g8_4_4,2,2,13,87
g8_4_4,2,2,31,89
g8_4_4,2,2,10,93
g8_4_4,2,2,2,94
g8_4_4,2,2,5,96
g8_4_4,2,2,27,110
g8_4_4,2,2,17,112
g8_4_4,2,2,3,255
g8_4_4,2,3,7,40
g8_4_4,2,3,16,46
g8_4_4,2,3,15,58
g8_4_4,2,3,12,92
g8_4_4,2,3,26,107
g8_4_4,2,3,1,109
g8_4_4,2,3,23,176
g8_4_4,2,3,22,256
g8_4_4,2,4,18,86
g8_4_4,2,4,20,140
g8_4_4,2,4,6,150
g8_4_4,2,4,21,185
g8_4_4,2,4,8,197
g8_4_4,2,4,30,210
g8_4_4,2,4,19,210
g8_4_4,2,4,4,256
g8_4_4,3,1,0,3
g8_4_4,3,1,1,146
g8_4_4,3,1,2,5
g8_4_4,3,1,3,177
g8_4_4,3,1,4,12
g8_4_4,3,1,5,7
g8_4_4,3,1,6,8
g8_4_4,3,1,7,9
g8_4_4,3,1,8,5
g8_4_4,3,1,9,3
g8_4_4,3,1,10,8
g8_4_4,3,1,11,66
g8_4_4,3,1,12,13
g8_4_4,3,1,13,12
g8_4_4,3,1,14,6
g8_4_4,3,1,15,2
g8_4_4,3,1,16,3
g8_4_4,3,1,17,4
g8_4_4,3,1,18,34
g8_4_4,3,1,19,3
g8_4_4,3,1,20,9
g8_4_4,3,1,21,256
g8_4_4,3,1,22,9
g8_4_4,3,1,23,3
g8_4_4,3,1,24,4
g8_4_4,3,1,25,2
g8_4_4,3,1,26,5
g8_4_4,3,1,27,6
g8_4_4,3,1,28,46
g8_4_4,3,1,29,7
g8_4_4,3,1,30,8
g8_4_4,3,1,31,8
g8_4_4,3,1,32,4
g8_4_4,3,1,33,2
g8_4_4,3,1,34,4
g8_4_4,3,1,35,2
g8_4_4,3,1,36,23
g8_4_4,3,1,37,3
g8_4_4,3,1,38,2
g8_4_4,3,1,39,3
g8_4_4,3,1,40,4
g8_4_4,3,1,41,6
g8_4_4,3,1,42,3
g8_4_4,3,1,43,7
g8_4_4,3,1,44,3
g8_4_4,3,1,45,10
g8_4_4,3,1,46,5
g8_4_4,3,1,47,6
g8_4_4,4,1,0,61
g8_4_4,4,1,1,4
g8_4_4,4,1,2,160
g8_4_4,4,1,3,19
g8_4_4,4,1,4,94
g8_4_4,4,1,5,62
g8_4_4,4,1,6,11
g8_4_4,4,1,7,28
g8_4_4,4,1,8,20
g8_4_4,4,1,9,35
g8_4_4,4,1,10,34
g8_4_4,4,1,11,61
g8_4_4,4,1,12,8
g8_4_4,4,1,13,3
g8_4_4,4,1,14,43
g8_4_4,4,1,15,19
g8_4_4,4,1,16,17
g8_4_4,4,1,17,80
g8_4_4,4,1,18,163
g8_4_4,4,1,19,106
g8_4_4,4,1,20,255
g8_4_4,4,1,21,11
g8_4_4,4,1,22,8
g8_4_4,4,1,23,28
g8_4_4,4,1,24,4
g8_4_4,4,1,25,41
g8_4_4,4,1,26,44
g8_4_4,4,1,27,9
g8_4_4,4,1,28,13
g8_4_4,4,1,29,18
g8_4_4,4,1,30,90
g8_4_4,4,1,31,120
g8_4_4,4,1,32,16
g8_4_4,4,1,33,150
g8_4_4,4,1,34,162
g8_4_4,4,1,35,30
g8_4_4,4,1,36,48
g8_4_4,4,1,37,80
g8_4_4,4,1,38,11
g8_4_4,4,1,39,48
g8_4_4,4,1,40,15
g8_4_4,4,1,41,43
g8_4_4,4,1,42,53
g8_4_4,4,1,43,40
g8_4_4,4,1,44,50
g8_4_4,4,1,45,64
g8_4_4,4,1,46,24
g8_4_4,4,1,47,12
g8_4_4,5,1,13,73
g8_4_4,5,1,35,77
g8_4_4,5,1,14,79
g8_4_4,5,1,11,80
g8_4_4,5,1,0,93
g8_4_4,5,1,25,110
g8_4_4,5,1,3,120
g8_4_4,5,1,41,120
g8_4_4,5,1,4,131
g8_4_4,5,1,9,147
g8_4_4,5,1,5,179
g8_4_4,5,1,7,227
g8_4_4,5,2,28,92
g8_4_4,5,2,17,106
g8_4_4,5,2,12,110
g8_4_4,5,2,21,139
g8_4_4,5,2,22,151
g8_4_4,5,2,47,156
g8_4_4,5,2,2,181
g8_4_4,5,2,44,186
g8_4_4,5,2,30,192
g8_4_4,5,2,36,196
g8_4_4,5,2,32,241
g8_4_4,5,2,16,256
g8_4_4,5,3,15,115
g8_4_4,5,3,18,134
g8_4_4,5,3,33,141
g8_4_4,5,3,8,144
g8_4_4,5,3,42,148
g8_4_4,5,3,24,163
g8_4_4,5,3,40,203
g8_4_4,5,3,46,204
g8_4_4,5,3,31,218
g8_4_4,5,3,26,232
g8_4_4,5,3,38,242
g8_4_4,5,3,27,255
g8_4_4,5,4,45,25
g8_4_4,5,4,37,26
g8_4_4,5,4,6,31
g8_4_4,5,4,10,32
g8_4_4,5,4,23,39
g8_4_4,5,4,39,40
g8_4_4,5,4,20,41
g8_4_4,5,4,29,41
g8_4_4,5,4,19,45
g8_4_4,5,4,1,46
g8_4_4,5,4,43,49
g8_4_4,5,4,34,256
g8_4_4,6,1,0,5
g8_4_4,6,1,1,8
g8_4_4,6,1,2,4
g8_4_4,6,1,3,24
g8_4_4,6,1,4,25
g8_4_4,6,1,5,24
g8_4_4,6,1,6,56
g8_4_4,6,1,7,104
g8_4_4,6,1,8,39
g8_4_4,6,1,9,48
g8_4_4,6,1,10,44
g8_4_4,6,1,11,50
g8_4_4,6,1,12,58
g8_4_4,6,1,13,69
g8_4_4,6,1,14,43
g8_4_4,6,1,15,11
g8_4_4,6,1,16,30
g8_4_4,6,1,17,5
g8_4_4,6,1,18,95
g8_4_4,6,1,19,3
g8_4_4,6,1,20,58
g8_4_4,6,1,21,28
g8_4_4,6,1,22,67
g8_4_4,6,1,23,11
g8_4_4,6,1,24,255
g8_4_4,6,1,25,134
g8_4_4,6,1,26,63
g8_4_4,6,1,27,56
g8_4_4,6,1,28,18
g8_4_4,6,1,29,60
g8_4_4,6,1,30,43
g8_4_4,6,1,31,34
g8_4_4,6,1,32,103
g8_4_4,6,1,33,111
g8_4_4,6,1,34,10
g8_4_4,6,1,35,26
g8_4_4,6,1,36,50
g8_4_4,6,1,37,5
g8_4_4,6,1,38,59
g8_4_4,6,1,39,57
g8_4_4,6,1,40,82
g8_4_4,6,1,41,44
g8_4_4,6,1,42,38
g8_4_4,6,1,43,22
g8_4_4,6,1,44,13
g8_4_4,6,1,45,69
g8_4_4,6,1,46,50
g8_4_4,6,1,47,64
g8_4_4,6,1,48,5
g8_4_4,6,1,49,10
g8_4_4,6,1,50,66
g8_4_4,6,1,51,94
g8_4_4,6,1,52,40
g8_4_4,6,1,53,50
g8_4_4,6,1,54,244
g8_4_4,6,1,55,9
g8_4_4,6,1,56,87
g8_4_4,6,1,57,37
g8_4_4,6,1,58,9
g8_4_4,6,1,59,55
g8_4_4,6,1,60,61
g8_4_4,6,1,61,11
g8_4_4,6,1,62,33
g8_4_4,6,1,63,146
g8_4_4,6,1,64,57
g8_4_4,6,1,65,76
g8_4_4,6,1,66,22
g8_4_4,6,1,67,46
g8_4_4,6,1,68,68
g8_4_4,6,1,69,61
g8_4_4,6,1,70,76
g8_4_4,6,1,71,83
g8_4_4,6,1,72,49
g8_4_4,6,1,73,44
g8_4_4,6,1,74,36
g8_4_4,6,1,75,62
g8_4_4,6,1,76,82
g8_4_4,6,1,77,21
g8_4_4,6,1,78,64
g8_4_4,6,1,79,40
g8_4_4,6,1,80,91
g8_4_4,6,1,81,56
g8_4_4,6,1,82,5
g8_4_4,6,1,83,122
g8_4_4,6,1,84,69
g8_4_4,6,1,85,9
g8_4_4,6,1,86,35
g8_4_4,6,1,87,86
g8_4_4,6,1,88,68
g8_4_4,6,1,89,62
g8_4_4,6,1,90,11
g8_4_4,6,1,91,7
g8_4_4,6,1,92,75
g8_4_4,6,1,93,71
g8_4_4,6,1,94,36
g8_4_4,6,1,95,41
g8_4_4,7,1,0,22
g8_4_4,7,1,1,68
g8_4_4,7,1,2,60
g8_4_4,7,1,3,62
g8_4_4,7,1,4,5
g8_4_4,7,1,5,63
g8_4_4,7,1,6,57
g8_4_4,7,1,7,78
g8_4_4,7,1,8,36
g8_4_4,7,1,9,3
g8_4_4,7,1,10,50
g8_4_4,7,1,11,241
g8_4_4,7,1,12,13
g8_4_4,7,1,13,33
g8_4_4,7,1,14,45
g8_4_4,7,1,15,45
g8_4_4,7,1,16,40
g8_4_4,7,1,17,84
g8_4_4,7,1,18,4
g8_4_4,7,1,19,69
g8_4_4,7,1,20,48
g8_4_4,7,1,21,35
g8_4_4,7,1,22,3
g8_4_4,7,1,23,70
g8_4_4,7,1,24,43
g8_4_4,7,1,25,64
g8_4_4,7,1,26,59
g8_4_4,7,1,27,43
g8_4_4,7,1,28,2
g8_4_4,7,1,29,48
g8_4_4,7,1,30,43
g8_4_4,7,1,31,64
g8_4_4,7,1,32,37
g8_4_4,7,1,33,43
g8_4_4,7,1,34,58
g8_4_4,7,1,35,35
g8_4_4,7,1,36,4
g8_4_4,7,1,37,68
g8_4_4,7,1,38,20
g8_4_4,7,1,39,45
g8_4_4,7,1,40,4
g8_4_4,7,1,41,72
g8_4_4,7,1,42,37
g8_4_4,7,1,43,52
g8_4_4,7,1,44,136
g8_4_4,7,1,45,25
g8_4_4,7,1,46,39
g8_4_4,7,1,47,58
g8_4_4,7,1,48,76
g8_4_4,7,1,49,70
g8_4_4,7,1,50,90
g8_4_4,7,1,51,15
g8_4_4,7,1,52,106
g8_4_4,7,1,53,4
g8_4_4,7,1,54,36
g8_4_4,7,1,55,49
g8_4_4,7,1,56,9
g8_4_4,7,1,57,35
g8_4_4,7,1,58,54
g8_4_4,7,1,59,49
g8_4_4,7,1,60,47
g8_4_4,7,1,61,105
g8_4_4,7,1,62,255
g8_4_4,7,1,63,3
g8_4_4,7,1,64,3
g8_4_4,7,1,65,45
g8_4_4,7,1,66,1
g8_4_4,7,1,67,34
g8_4_4,7,1,68,2
g8_4_4,7,1,69,33
g8_4_4,7,1,70,41
g8_4_4,7,1,71,44
g8_4_4,7,1,72,42
g8_4_4,7,1,73,1
g8_4_4,7,1,74,56
g8_4_4,7,1,75,2
g8_4_4,7,1,76,2
g8_4_4,7,1,77,55
g8_4_4,7,1,78,2
g8_4_4,7,1,79,12
g8_4_4,7,1,80,69
g8_4_4,7,1,81,74
g8_4_4,7,1,82,72
g8_4_4,7,1,83,66
g8_4_4,7,1,84,40
g8_4_4,7,1,85,52
g8_4_4,7,1,86,65
g8_4_4,7,1,87,77
g8_4_4,7,1,88,45
g8_4_4,7,1,89,42
g8_4_4,7,1,90,52
g8_4_4,7,1,91,36
g8_4_4,7,1,92,44
g8_4_4,7,1,93,52
g8_4_4,7,1,94,43
g8_4_4,7,1,95,65
g8_4_4,7,1,96,59
g8_4_4,7,1,97,58
g8_4_4,7,1,98,58
g8_4_4,7,1,99,3
g8_4_4,7,1,100,91
g8_4_4,7,1,101,3
g8_4_4,7,1,102,86
g8_4_4,7,1,103,34
g8_4_4,7,1,104,44
g8_4_4,7,1,105,48
g8_4_4,7,1,106,3
g8_4_4,7,1,107,4
g8_4_4,7,1,108,60
g8_4_4,7,1,109,2
g8_4_4,7,1,110,47
g8_4_4,7,1,111,184
g8_4_4,7,1,112,59
g8_4_4,7,1,113,71
g8_4_4,7,1,114,83
g8_4_4,7,1,115,51
g8_4_4,7,1,116,65
g8_4_4,7,1,117,57
g8_4_4,7,1,118,66
g8_4_4,7,1,119,3
g8_4_4,7,1,120,51
g8_4_4,7,1,121,50
g8_4_4,7,1,122,36
g8_4_4,7,1,123,49
g8_4_4,7,1,124,113
g8_4_4,7,1,125,47
g8_4_4,7,1,126,81
g8_4_4,7,1,127,13
g8_4_4 + b3_g4,1,1,31,86
g8_4_4 + b3_g4,1,1,7,112
g8_4_4 + b3_g4,1,1,17,164
g8_4_4 + b3_g4,1,1,24,197
g8_4_4 + b3_g4,1,2,28,127
g8_4_4 + b3_g4,1,2,30,147
g8_4_4 + b3_g4,1,2,1,157
g8_4_4 + b3_g4,1,2,21,255
g8_4_4 + b3_g4,1,3,5,176
g8_4_4 + b3_g4,1,3,9,189
g8_4_4 + b3_g4,1,3,4,223
g8_4_4 + b3_g4,1,3,3,254
g8_4_4 + b3_g4,1,4,11,128
g8_4_4 + b3_g4,1,4,6,136
g8_4_4 + b3_g4,1,4,13,151
g8_4_4 + b3_g4,1,4,8,172
g8_4_4 + b3_g4,1,5,25,120
g8_4_4 + b3_g4,1,5,18,171
g8_4_4 + b3_g4,1,5,16,188
g8_4_4 + b3_g4,1,5,19,255
g8_4_4 + b3_g4,1,6,26,157
g8_4_4 + b3_g4,1,6,2,172
g8_4_4 + b3_g4,1,6,20,227
g8_4_4 + b3_g4,1,6,0,256
g8_4_4 + b3_g4,1,7,22,175
g8_4_4 + b3_g4,1,7,14,223
g8_4_4 + b3_g4,1,7,27,236
g8_4_4 + b3_g4,1,7,23,255
g8_4_4 + b3_g4,1,8,15,88
g8_4_4 + b3_g4,1,8,10,98
g8_4_4 + b3_g4,1,8,29,124
g8_4_4 + b3_g4,1,8,12,256
g8_4_4 + b3_g4,2,1,28,37
g8_4_4 + b3_g4,2,1,9,73
g8_4_4 + b3_g4,2,1,29,78
g8_4_4 + b3_g4,2,1,11,123
g8_4_4 + b3_g4,2,1,24,144
g8_4_4 + b3_g4,2,1,14,159
g8_4_4 + b3_g4,2,1,25,197
g8_4_4 + b3_g4,2,1,0,255
g8_4_4 + b3_g4,2,2,13,87
g8_4_4 + b3_g4,2,2,31,89
g8_4_4 + b3_g4,2,2,10,93
g8_4_4 + b3_g4,2,2,2,94
g8_4_4 + b3_g4,2,2,5,96
g8_4_4 + b3_g4,2,2,27,110
g8_4_4 + b3_g4,2,2,17,112
g8_4_4 + b3_g4,2,2,3,255
g8_4_4 + b3_g4,2,3,7,40
g8_4_4 + b3_g4,2,3,16,46
g8_4_4 + b3_g4,2,3,15,58
g8_4_4 + b3_g4,2,3,12,92
g8_4_4 + b3_g4,2,3,26,107
g8_4_4 + b3_g4,2,3,1,109
g8_4_4 + b3_g4,2,3,23,176
g8_4_4 + b3_g4,2,3,22,256
g8_4_4 + b3_g4,2,4,18,86
g8_4_4 + b3_g4,2,4,20,140
g8_4_4 + b3_g4,2,4,6,150
g8_4_4 + b3_g4,2,4,21,185
g8_4_4 + b3_g4,2,4,8,197
g8_4_4 + b3_g4,2,4,30,210
g8_4_4 + b3_g4,2,4,19,210
g8_4_4 + b3_g4,2,4,4,256
g8_4_4 + b3_g4,3,1,33,74
g8_4_4 + b3_g4,3,1,15,80
g8_4_4 + b3_g4,3,1,35,83
g8_4_4 + b3_g4,3,1,25,88
g8_4_4 + b3_g4,3,1,38,90
g8_4_4 + b3_g4,3,1,44,100
g8_4_4 + b3_g4,3,1,39,104
g8_4_4 + b3_g4,3,1,9,107
g8_4_4 + b3_g4,3,1,0,108
g8_4_4 + b3_g4,3,1,16,111
g8_4_4 + b3_g4,3,1,23,113
g8_4_4 + b3_g4,3,1,37,126
g8_4_4 + b3_g4,3,2,42,116
g8_4_4 + b3_g4,3,2,19,119
g8_4_4 + b3_g4,3,2,32,131
g8_4_4 + b3_g4,3,2,17,143
g8_4_4 + b3_g4,3,2,24,152
g8_4_4 + b3_g4,3,2,40,157
g8_4_4 + b3_g4,3,2,34,161
g8_4_4 + b3_g4,3,2,2,164
g8_4_4 + b3_g4,3,2,46,167
g8_4_4 + b3_g4,3,2,8,169
g8_4_4 + b3_g4,3,2,26,195
g8_4_4 + b3_g4,3,2,47,204
g8_4_4 + b3_g4,3,3,27,154
g8_4_4 + b3_g4,3,3,14,160
g8_4_4 + b3_g4,3,3,41,171
g8_4_4 + b3_g4,3,3,5,180
g8_4_4 + b3_g4,3,3,29,197
g8_4_4 + b3_g4,3,3,43,205
g8_4_4 + b3_g4,3,3,31,213
g8_4_4 + b3_g4,3,3,10,220
g8_4_4 + b3_g4,3,3,30,233
g8_4_4 + b3_g4,3,3,6,237
g8_4_4 + b3_g4,3,3,7,244
g8_4_4 + b3_g4,3,3,20,253
g8_4_4 + b3_g4,3,4,22,9
g8_4_4 + b3_g4,3,4,45,10
g8_4_4 + b3_g4,3,4,13,12
g8_4_4 + b3_g4,3,4,4,12
g8_4_4 + b3_g4,3,4,12,13
g8_4_4 + b3_g4,3,4,36,23
g8_4_4 + b3_g4,3,4,18,34
g8_4_4 + b3_g4,3,4,28,46
g8_4_4 + b3_g4,3,4,11,66
g8_4_4 + b3_g4,3,4,1,146
g8_4_4 + b3_g4,3,4,3,177
g8_4_4 + b3_g4,3,4,21,256
g8_4_4 + b3_g4,4,1,0,61
g8_4_4 + b3_g4,4,1,1,4
g8_4_4 + b3_g4,4,1,2,160
g8_4_4 + b3_g4,4,1,3,19
g8_4_4 + b3_g4,4,1,4,94
g8_4_4 + b3_g4,4,1,5,62
g8_4_4 + b3_g4,4,1,6,11
g8_4_4 + b3_g4,4,1,7,28
g8_4_4 + b3_g4,4,1,8,20
g8_4_4 + b3_g4,4,1,9,35
g8_4_4 + b3_g4,4,1,10,34
g8_4_4 + b3_g4,4,1,11,61
g8_4_4 + b3_g4,4,1,12,8
g8_4_4 + b3_g4,4,1,13,3
g8_4_4 + b3_g4,4,1,14,43
g8_4_4 + b3_g4,4,1,15,19
g8_4_4 + b3_g4,4,1,16,17
g8_4_4 + b3_g4,4,1,17,80
g8_4_4 + b3_g4,4,1,18,163
g8_4_4 + b3_g4,4,1,19,106
g8_4_4 + b3_g4,4,1,20,255
g8_4_4 + b3_g4,4,1,21,11
g8_4_4 + b3_g4,4,1,22,8
g8_4_4 + b3_g4,4,1,23,28
g8_4_4 + b3_g4,4,1,24,4
g8_4_4 + b3_g4,4,1,25,41
g8_4_4 + b3_g4,4,1,26,44
g8_4_4 + b3_g4,4,1,27,9
g8_4_4 + b3_g4,4,1,28,13
g8_4_4 + b3_g4,4,1,29,18
g8_4_4 + b3_g4,4,1,30,90
g8_4_4 + b3_g4,4,1,31,120
g8_4_4 + b3_g4,4,1,32,16
g8_4_4 + b3_g4,4,1,33,150
g8_4_4 + b3_g4,4,1,34,162
g8_4_4 + b3_g4,4,1,35,30
g8_4_4 + b3_g4,4,1,36,48
g8_4_4 + b3_g4,4,1,37,80
g8_4_4 + b3_g4,4,1,38,11
g8_4_4 + b3_g4,4,1,39,48
g8_4_4 + b3_g4,4,1,40,15
g8_4_4 + b3_g4,4,1,41,43
g8_4_4 + b3_g4,4,1,42,53
g8_4_4 + b3_g4,4,1,43,40
g8_4_4 + b3_g4,4,1,44,50
g8_4_4 + b3_g4,4,1,45,64
g8_4_4 + b3_g4,4,1,46,24
g8_4_4 + b3_g4,4,1,47,12
g8_4_4 + b3_g4,5,1,13,73
g8_4_4 + b3_g4,5,1,35,77
g8_4_4 + b3_g4,5,1,14,79
g8_4_4 + b3_g4,5,1,11,80
g8_4_4 + b3_g4,5,1,0,93
g8_4_4 + b3_g4,5,1,25,110
g8_4_4 + b3_g4,5,1,3,120
g8_4_4 + b3_g4,5,1,41,120
g8_4_4 + b3_g4,5,1,4,131
g8_4_4 + b3_g4,5,1,9,147
g8_4_4 + b3_g4,5,1,5,179
g8_4_4 + b3_g4,5,1,7,227
g8_4_4 + b3_g4,5,2,28,92
g8_4_4 + b3_g4,5,2,17,106
g8_4_4 + b3_g4,5,2,12,110
g8_4_4 + b3_g4,5,2,21,139
g8_4_4 + b3_g4,5,2,22,151
g8_4_4 + b3_g4,5,2,47,156
g8_4_4 + b3_g4,5,2,2,181
g8_4_4 + b3_g4,5,2,44,186
g8_4_4 + b3_g4,5,2,30,192
g8_4_4 + b3_g4,5,2,36,196
g8_4_4 + b3_g4,5,2,32,241
g8_4_4 + b3_g4,5,2,16,256
g8_4_4 + b3_g4,5,3,15,115
g8_4_4 + b3_g4,5,3,18,134
g8_4_4 + b3_g4,5,3,33,141
g8_4_4 + b3_g4,5,3,8,144
g8_4_4 + b3_g4,5,3,42,148
g8_4_4 + b3_g4,5,3,24,163
g8_4_4 + b3_g4,5,3,40,203
g8_4_4 + b3_g4,5,3,46,204
g8_4_4 + b3_g4,5,3,31,218
g8_4_4 + b3_g4,5,3,26,232
g8_4_4 + b3_g4,5,3,38,242
g8_4_4 + b3_g4,5,3,27,255
g8_4_4 + b3_g4,5,4,45,25
g8_4_4 + b3_g4,5,4,37,26
g8_4_4 + b3_g4,5,4,6,31
g8_4_4 + b3_g4,5,4,10,32
g8_4_4 + b3_g4,5,4,23,39
g8_4_4 + b3_g4,5,4,39,40
g8_4_4 + b3_g4,5,4,20,41
g8_4_4 + b3_g4,5,4,29,41
g8_4_4 + b3_g4,5,4,19,45
g8_4_4 + b3_g4,5,4,1,46
g8_4_4 + b3_g4,5,4,43,49
g8_4_4 + b3_g4,5,4,34,256
g8_4_4 + b3_g4,6,1,0,5
g8_4_4 + b3_g4,6,1,1,8
g8_4_4 + b3_g4,6,1,2,4
g8_4_4 + b3_g4,6,1,3,24
g8_4_4 + b3_g4,6,1,4,25
g8_4_4 + b3_g4,6,1,5,24
g8_4_4 + b3_g4,6,1,6,56
g8_4_4 + b3_g4,6,1,7,104
g8_4_4 + b3_g4,6,1,8,39
g8_4_4 + b3_g4,6,1,9,48
g8_4_4 + b3_g4,6,1,10,44
g8_4_4 + b3_g4,6,1,11,50
g8_4_4 + b3_g4,6,1,12,58
g8_4_4 + b3_g4,6,1,13,69
g8_4_4 + b3_g4,6,1,14,43
g8_4_4 + b3_g4,6,1,15,11
g8_4_4 + b3_g4,6,1,16,30
g8_4_4 + b3_g4,6,1,17,5
g8_4_4 + b3_g4,6,1,18,95
g8_4_4 + b3_g4,6,1,19,3
g8_4_4 + b3_g4,6,1,20,58
g8_4_4 + b3_g4,6,1,21,28
g8_4_4 + b3_g4,6,1,22,67
g8_4_4 + b3_g4,6,1,23,11
g8_4_4 + b3_g4,6,1,24,255
g8_4_4 + b3_g4,6,1,25,134
g8_4_4 + b3_g4,6,1,26,63
g8_4_4 + b3_g4,6,1,27,56
g8_4_4 + b3_g4,6,1,28,18
g8_4_4 + b3_g4,6,1,29,60
g8_4_4 + b3_g4,6,1,30,43
g8_4_4 + b3_g4,6,1,31,34
g8_4_4 + b3_g4,6,1,32,103
g8_4_4 + b3_g4,6,1,33,111
g8_4_4 + b3_g4,6,1,34,10
g8_4_4 + b3_g4,6,1,35,26
g8_4_4 + b3_g4,6,1,36,50
g8_4_4 + b3_g4,6,1,37,5
g8_4_4 + b3_g4,6,1,38,59
g8_4_4 + b3_g4,6,1,39,57
g8_4_4 + b3_g4,6,1,40,82
g8_4_4 + b3_g4,6,1,41,44
g8_4_4 + b3_g4,6,1,42,38
g8_4_4 + b3_g4,6,1,43,22
g8_4_4 + b3_g4,6,1,44,13
g8_4_4 + b3_g4,6,1,45,69
g8_4_4 + b3_g4,6,1,46,50
g8_4_4 + b3_g4,6,1,47,64
g8_4_4 + b3_g4,6,1,48,5
g8_4_4 + b3_g4,6,1,49,10
g8_4_4 + b3_g4,6,1,50,66
g8_4_4 + b3_g4,6,1,51,94
g8_4_4 + b3_g4,6,1,52,40
g8_4_4 + b3_g4,6,1,53,50
g8_4_4 + b3_g4,6,1,54,244
g8_4_4 + b3_g4,6,1,55,9
g8_4_4 + b3_g4,6,1,56,87
g8_4_4 + b3_g4,6,1,57,37
g8_4_4 + b3_g4,6,1,58,9
g8_4_4 + b3_g4,6,1,59,55
g8_4_4 + b3_g4,6,1,60,61
g8_4_4 + b3_g4,6,1,61,11
g8_4_4 + b3_g4,6,1,62,33
g8_4_4 + b3_g4,6,1,63,146
g8_4_4 + b3_g4,6,1,64,57
g8_4_4 + b3_g4,6,1,65,76
g8_4_4 + b3_g4,6,1,66,22
g8_4_4 + b3_g4,6,1,67,46
g8_4_4 + b3_g4,6,1,68,68
g8_4_4 + b3_g4,6,1,69,61
g8_4_4 + b3_g4,6,1,70,76
g8_4_4 + b3_g4,6,1,71,83
g8_4_4 + b3_g4,6,1,72,49
g8_4_4 + b3_g4,6,1,73,44
g8_4_4 + b3_g4,6,1,74,36
g8_4_4 + b3_g4,6,1,75,62
g8_4_4 + b3_g4,6,1,76,82
g8_4_4 + b3_g4,6,1,77,21
g8_4_4 + b3_g4,6,1,78,64
g8_4_4 + b3_g4,6,1,79,40
g8_4_4 + b3_g4,6,1,80,91
g8_4_4 + b3_g4,6,1,81,56
g8_4_4 + b3_g4,6,1,82,5
g8_4_4 + b3_g4,6,1,83,122
g8_4_4 + b3_g4,6,1,84,69
g8_4_4 + b3_g4,6,1,85,9
g8_4_4 + b3_g4,6,1,86,35
g8_4_4 + b3_g4,6,1,87,86
g8_4_4 + b3_g4,6,1,88,68
g8_4_4 + b3_g4,6,1,89,62
g8_4_4 + b3_g4,6,1,90,11
g8_4_4 + b3_g4,6,1,91,7
g8_4_4 + b3_g4,6,1,92,75
g8_4_4 + b3_g4,6,1,93,71
g8_4_4 + b3_g4,6,1,94,36
g8_4_4 + b3_g4,6,1,95,41
g8_4_4 + b3_g4,7,1,0,22
g8_4_4 + b3_g4,7,1,1,68
g8_4_4 + b3_g4,7,1,2,60
g8_4_4 + b3_g4,7,1,3,62
g8_4_4 + b3_g4,7,1,4,5
g8_4_4 + b3_g4,7,1,5,63
g8_4_4 + b3_g4,7,1,6,57
g8_4_4 + b3_g4,7,1,7,78
g8_4_4 + b3_g4,7,1,8,36
g8_4_4 + b3_g4,7,1,9,3
g8_4_4 + b3_g4,7,1,10,50
g8_4_4 + b3_g4,7,1,11,241
g8_4_4 + b3_g4,7,1,12,13
g8_4_4 + b3_g4,7,1,13,33
g8_4_4 + b3_g4,7,1,14,45
g8_4_4 + b3_g4,7,1,15,45
g8_4_4 + b3_g4,7,1,16,40
g8_4_4 + b3_g4,7,1,17,84
g8_4_4 + b3_g4,7,1,18,4
g8_4_4 + b3_g4,7,1,19,69
g8_4_4 + b3_g4,7,1,20,48
g8_4_4 + b3_g4,7,1,21,35
g8_4_4 + b3_g4,7,1,22,3
g8_4_4 + b3_g4,7,1,23,70
g8_4_4 + b3_g4,7,1,24,43
g8_4_4 + b3_g4,7,1,25,64
g8_4_4 + b3_g4,7,1,26,59
g8_4_4 + b3_g4,7,1,27,43
g8_4_4 + b3_g4,7,1,28,2
g8_4_4 + b3_g4,7,1,29,48
g8_4_4 + b3_g4,7,1,30,43
g8_4_4 + b3_g4,7,1,31,64
g8_4_4 + b3_g4,7,1,32,37
g8_4_4 + b3_g4,7,1,33,43
g8_4_4 + b3_g4,7,1,34,58
g8_4_4 + b3_g4,7,1,35,35
g8_4_4 + b3_g4,7,1,36,4
g8_4_4 + b3_g4,7,1,37,68
g8_4_4 + b3_g4,7,1,38,20
g8_4_4 + b3_g4,7,1,39,45
g8_4_4 + b3_g4,7,1,40,4
g8_4_4 + b3_g4,7,1,41,72
g8_4_4 + b3_g4,7,1,42,37
g8_4_4 + b3_g4,7,1,43,52
g8_4_4 + b3_g4,7,1,44,136
g8_4_4 + b3_g4,7,1,45,25
g8_4_4 + b3_g4,7,1,46,39
g8_4_4 + b3_g4,7,1,47,58
g8_4_4 + b3_g4,7,1,48,76
g8_4_4 + b3_g4,7,1,49,70
g8_4_4 + b3_g4,7,1,50,90
g8_4_4 + b3_g4,7,1,51,15
g8_4_4 + b3_g4,7,1,52,106
g8_4_4 + b3_g4,7,1,53,4
g8_4_4 + b3_g4,7,1,54,36
g8_4_4 + b3_g4,7,1,55,49
g8_4_4 + b3_g4,7,1,56,9
g8_4_4 + b3_g4,7,1,57,35
g8_4_4 + b3_g4,7,1,58,54
g8_4_4 + b3_g4,7,1,59,49
g8_4_4 + b3_g4,7,1,60,47
g8_4_4 + b3_g4,7,1,61,105
g8_4_4 + b3_g4,7,1,62,255
g8_4_4 + b3_g4,7,1,63,3
g8_4_4 + b3_g4,7,1,64,3
g8_4_4 + b3_g4,7,1,65,45
g8_4_4 + b3_g4,7,1,66,1
g8_4_4 + b3_g4,7,1,67,34
g8_4_4 + b3_g4,7,1,68,2
g8_4_4 + b3_g4,7,1,69,33
g8_4_4 + b3_g4,7,1,70,41
g8_4_4 + b3_g4,7,1,71,44
g8_4_4 + b3_g4,7,1,72,42
g8_4_4 + b3_g4,7,1,73,1
g8_4_4 + b3_g4,7,1,74,56
g8_4_4 + b3_g4,7,1,75,2
g8_4_4 + b3_g4,7,1,76,2
g8_4_4 + b3_g4,7,1,77,55
g8_4_4 + b3_g4,7,1,78,2
g8_4_4 + b3_g4,7,1,79,12
g8_4_4 + b3_g4,7,1,80,69
g8_4_4 + b3_g4,7,1,81,74
g8_4_4 + b3_g4,7,1,82,72
g8_4_4 + b3_g4,7,1,83,66
g8_4_4 + b3_g4,7,1,84,40
g8_4_4 + b3_g4,7,1,85,52
g8_4_4 + b3_g4,7,1,86,65
g8_4_4 + b3_g4,7,1,87,77
g8_4_4 + b3_g4,7,1,88,45
g8_4_4 + b3_g4,7,1,89,42
g8_4_4 + b3_g4,7,1,90,52
g8_4_4 + b3_g4,7,1,91,36
g8_4_4 + b3_g4,7,1,92,44
g8_4_4 + b3_g4,7,1,93,52
g8_4_4 + b3_g4,7,1,94,43
g8_4_4 + b3_g4,7,1,95,65
g8_4_4 + b3_g4,7,1,96,59
g8_4_4 + b3_g4,7,1,97,58
g8_4_4 + b3_g4,7,1,98,58
g8_4_4 + b3_g4,7,1,99,3
g8_4_4 + b3_g4,7,1,100,91
g8_4_4 + b3_g4,7,1,101,3
g8_4_4 + b3_g4,7,1,102,86
g8_4_4 + b3_g4,7,1,103,34
g8_4_4 + b3_g4,7,1,104,44
g8_4_4 + b3_g4,7,1,105,48
g8_4_4 + b3_g4,7,1,106,3
g8_4_4 + b3_g4,7,1,107,4
g8_4_4 + b3_g4,7,1,108,60
g8_4_4 + b3_g4,7,1,109,2
g8_4_4 + b3_g4,7,1,110,47
g8_4_4 + b3_g4,7,1,111,184
g8_4_4 + b3_g4,7,1,112,59
g8_4_4 + b3_g4,7,1,113,71
g8_4_4 + b3_g4,7,1,114,83
g8_4_4 + b3_g4,7,1,115,51
g8_4_4 + b3_g4,7,1,116,65
g8_4_4 + b3_g4,7,1,117,57
g8_4_4 + b3_g4,7,1,118,66
g8_4_4 + b3_g4,7,1,119,3
g8_4_4 + b3_g4,7,1,120,51
g8_4_4 + b3_g4,7,1,121,50
g8_4_4 + b3_g4,7,1,122,36
g8_4_4 + b3_g4,7,1,123,49
g8_4_4 + b3_g4,7,1,124,113
g8_4_4 + b3_g4,7,1,125,47
g8_4_4 + b3_g4,7,1,126,81
g8_4_4 + b3_g4,7,1,127,13
